name,wikipedia_page_id,wikipedia_url,award_name
Adele Ferguson,59788339,https://en.wikipedia.org/wiki/Adele_Ferguson,Member of the Order of Australia
Alitya Rigney,57656136,https://en.wikipedia.org/wiki/Alitya_Rigney,Officer of the Order of Australia
Amin Saikal,3905409,https://en.wikipedia.org/wiki/Amin_Saikal,Member of the Order of Australia
Andrew Biankin,61023565,https://en.wikipedia.org/wiki/Andrew_Biankin,Officer of the Order of Australia
Andrew Rogers judge,45225904,https://en.wikipedia.org/wiki/Andrew_Rogers_(judge),Officer of the Order of Australia
Bruce French agricultural scientist,49223996,https://en.wikipedia.org/wiki/Bruce_French_(agricultural_scientist),Officer of the Order of Australia
Cameron Murphy,43049571,https://en.wikipedia.org/wiki/Cameron_Murphy,Member of the Order of Australia
Charles Sherlock,59771465,https://en.wikipedia.org/wiki/Charles_Sherlock,Member of the Order of Australia
Chris OBrien surgeon,23202387,https://en.wikipedia.org/wiki/Chris_O%27Brien_(surgeon),Officer of the Order of Australia
Cliff Green,23140011,https://en.wikipedia.org/wiki/Cliff_Green,Medal of the Order of Australia
Colin Laverty,15457620,https://en.wikipedia.org/wiki/Colin_Laverty,Medal of the Order of Australia
Colin Raston,50807874,https://en.wikipedia.org/wiki/Colin_Raston,Officer of the Order of Australia
Debbie Spillane,50792448,https://en.wikipedia.org/wiki/Debbie_Spillane,Member of the Order of Australia
Derek Byerlee,61040561,https://en.wikipedia.org/wiki/Derek_Byerlee,Officer of the Order of Australia
Des Ball,43026845,https://en.wikipedia.org/wiki/Des_Ball,Officer of the Order of Australia
Elke Neidhardt,30635844,https://en.wikipedia.org/wiki/Elke_Neidhardt,Member of the Order of Australia
Helen Leake,62932907,https://en.wikipedia.org/wiki/Helen_Leake,Member of the Order of Australia
Janet McCalman,56443956,https://en.wikipedia.org/wiki/Janet_McCalman,Companion of the Order of Australia
John Cripps,45228121,https://en.wikipedia.org/wiki/John_Cripps,Officer of the Order of Australia
Ken Shadie,46929770,https://en.wikipedia.org/wiki/Ken_Shadie,Medal of the Order of Australia
Keryn Williams,52989395,https://en.wikipedia.org/wiki/Keryn_Williams,Companion of the Order of Australia
Lex Watson,43036547,https://en.wikipedia.org/wiki/Lex_Watson,Member of the Order of Australia
Maria Kavallaris,59772234,https://en.wikipedia.org/wiki/Maria_Kavallaris,Member of the Order of Australia
Marie Porter,57669978,https://en.wikipedia.org/wiki/Marie_Porter,Member of the Order of Australia
Mary OKane,49218041,https://en.wikipedia.org/wiki/Mary_O%27Kane,Companion of the Order of Australia
Michael Davis Australian lawyer,61046585,https://en.wikipedia.org/wiki/Michael_Davis_(Australian_lawyer),Officer of the Order of Australia
Michael Slattery admiral,61015183,https://en.wikipedia.org/wiki/Michael_Slattery_(admiral),Member of the Order of Australia
Mike Gore physicist,45211546,https://en.wikipedia.org/wiki/Mike_Gore_(physicist),Officer of the Order of Australia
Nicholas TontiFilippini,49224672,https://en.wikipedia.org/wiki/Nicholas_Tonti-Filippini,Officer of the Order of Australia
Nick Dean Paralympic administrator,44309026,https://en.wikipedia.org/wiki/Nick_Dean_(Paralympic_administrator),Medal of the Order of Australia
Nola RandallMohk,30637447,https://en.wikipedia.org/wiki/Nola_Randall-Mohk,Medal of the Order of Australia
Pauline Gandel,59791345,https://en.wikipedia.org/wiki/Pauline_Gandel,Companion of the Order of Australia
Perry Bartlett,64211477,https://en.wikipedia.org/wiki/Perry_Bartlett,Officer of the Order of Australia
Peter Coaldrake,30674692,https://en.wikipedia.org/wiki/Peter_Coaldrake,Officer of the Order of Australia
Rae Cooper,61041307,https://en.wikipedia.org/wiki/Rae_Cooper,Officer of the Order of Australia
Rae Frances,62949498,https://en.wikipedia.org/wiki/Rae_Frances,Member of the Order of Australia
Richard Gibbs biologist,43004608,https://en.wikipedia.org/wiki/Richard_Gibbs_(biologist),Companion of the Order of Australia
Robert Stanley Pontifex,49222401,https://en.wikipedia.org/wiki/Robert_Stanley_Pontifex,Member of the Order of Australia
San Thang,57655202,https://en.wikipedia.org/wiki/San_Thang,Companion of the Order of Australia
Sarah FitzGerald,444399,https://en.wikipedia.org/wiki/Sarah_Fitz-Gerald,Member of the Order of Australia
Scott Bowman Australian academic,61015211,https://en.wikipedia.org/wiki/Scott_Bowman_(Australian_academic),Officer of the Order of Australia
Stephen Hibbert Newton,34498887,https://en.wikipedia.org/wiki/Stephen_Hibbert_Newton,Officer of the Order of Australia
Stephen Lynch professor,46921227,https://en.wikipedia.org/wiki/Stephen_Lynch_(professor),Companion of the Order of Australia
Stephen Simpson professor,46921272,https://en.wikipedia.org/wiki/Stephen_Simpson_(professor),Companion of the Order of Australia
Susan Provan,57660730,https://en.wikipedia.org/wiki/Susan_Provan,Officer of the Order of Australia
Terri Cater,57664686,https://en.wikipedia.org/wiki/Terri_Cater,Medal of the Order of Australia
Virginia Spate,57654104,https://en.wikipedia.org/wiki/Virginia_Spate,Companion of the Order of Australia
