fullName,OADate,WPPageCreate
john richard brew,2020-06-07T14:00:00Z,2020-05-31
kaye enid basford,2020-06-07T14:00:00Z,2017-11-24
marcello costa,2020-06-06T14:00:00Z,2018-03-01
georgina venetia long,2020-06-06T14:00:00Z,2019-09-11
sarah elizabeth medland,2020-06-06T14:00:00Z,2019-07-30
john adrian vogels,2020-06-06T14:00:00Z,2009-04-05
denis vincent napthine,2020-06-06T14:00:00Z,2004-08-29
philip maxwell ruddock,2020-06-06T14:00:00Z,2003-05-20
alan baird ferguson,2020-06-06T14:00:00Z,2005-07-01
bronwyn kathleen bishop,2020-06-06T14:00:00Z,2004-03-28
antony harold curties windsor,2020-06-06T14:00:00Z,2004-03-28
michael bruce baird,2020-06-06T14:00:00Z,2007-03-31
paul john zammit,2020-06-06T14:00:00Z,2007-03-27
cecilia noel padgham-purich,2020-06-06T14:00:00Z,2010-10-31
susan josephine neuhaus,2020-06-06T14:00:00Z,2016-08-16
tony abbott,2020-06-06T14:00:00Z,2004-03-27
marcus westbury,2020-06-06T14:00:00Z,2006-06-27
yvonne audette,2020-06-06T14:00:00Z,2014-07-06
vincent namatjira,2020-06-06T14:00:00Z,2019-09-03
tjunkaya tapaya,2020-06-06T14:00:00Z,2016-08-16
lynette ruth breuer,2020-06-06T14:00:00Z,2006-01-14
belinda jane hutchinson,2020-06-06T14:00:00Z,2016-03-17
scott pape,2020-06-06T14:00:00Z,2008-07-08
herbert morsley wharton,2020-06-06T14:00:00Z,2006-06-06
mark opitz,2020-06-06T14:00:00Z,2008-06-07
david charles mckenzie,2020-06-06T14:00:00Z,2008-06-20
marcia lynne langton,2020-06-06T14:00:00Z,2006-03-01
stefan ackerie,2020-06-06T14:00:00Z,2006-11-12
perry francis bartlett,2020-06-06T14:00:00Z,2020-06-08
glenn bourke,2020-06-06T14:00:00Z,2020-06-22
michael clarke,2020-06-06T14:00:00Z,2004-08-12
tashi tsering,2020-06-06T14:00:00Z,2007-03-03
catherine patricia foley,2020-06-06T14:00:00Z,2014-12-13
isabella caroline mcmillen,2020-06-06T14:00:00Z,2018-12-09
tamara maree davis,2020-06-06T14:00:00Z,2006-05-15
simon andrew stuart,2020-06-06T14:00:00Z,2020-06-11
jonathan dallas mead,2020-06-06T14:00:00Z,2019-12-02
kate lamont,2020-06-06T14:00:00Z,2008-12-16
rhondda elizabeth jones,2020-06-06T14:00:00Z,2008-02-16
simon gipson,2020-06-06T14:00:00Z,2005-11-11
aaron kearney,2020-06-06T14:00:00Z,2012-04-18
susan coralie kenny,2020-06-06T14:00:00Z,2012-02-27
sean christopher dorney,2020-06-06T14:00:00Z,2018-08-21
jan vittorio sardi,2020-06-06T14:00:00Z,2010-03-03
bruce james chapman,2020-06-06T14:00:00Z,2015-05-29
elizabeth constable,2019-06-09T14:00:00Z,2008-06-10
martin james tenni,2019-06-09T14:00:00Z,2013-12-03
alan eggleston,2019-06-09T14:00:00Z,2005-07-01
judyth watson,2019-06-09T14:00:00Z,2012-05-28
alison grant harcourt,2019-06-09T14:00:00Z,2018-10-08
