wikipediaPageID,name,pageCreation
64127864,John Brew,2020-05-31
55873688,Kaye Basford,2017-11-24
56721077,Marcello Costa,2018-03-01
61750822,Georgina Long,2019-09-11
61396168,Sarah Medland,2019-07-30
22295425,John Vogels,2009-04-05
939759,Denis Napthine,2004-08-29
30897527,Philip Ruddock,2003-05-20
2148246,Alan Ferguson,2005-07-01
559138,Bronwyn Bishop,2004-03-28
559483,Tony Windsor,2004-03-28
10383399,Mike Baird,2007-03-31
10298305,Paul Zammit,2007-03-27
29417261,Noel PadghamPurich,2010-10-31
51356685,Susan Neuhaus,2016-08-16
556739,Tony Abbott,2004-03-27
5728367,Marcus Westbury,2006-06-27
43227740,Yvonne Audette,2014-07-06
61675614,Vincent Namatjira,2019-09-03
51342015,Tjunkaya Tapaya,2016-08-16
3719136,Lyn Breuer,2006-01-14
49821889,Belinda Hutchinson,2016-03-17
18342857,Scott Pape,2008-07-08
5442365,Herb Wharton,2006-06-06
17827133,Mark Opitz,2008-06-07
18034845,David McKenzie Victorian politician,2008-06-20
4237328,Marcia Langton,2006-03-01
7898171,Stefan Ackerie,2006-11-12
38588604,Perry Crosswhite,2013-02-20
64211477,Perry Bartlett,2020-06-08
64349760,Glenn Bourke,2020-06-22
896426,Michael Clarke cricketer,2004-08-12
9831304,Tashi Tsering Chenrezig Institute,2007-03-03
44700406,Cathy Foley,2014-12-13
59329224,Caroline McMillen,2018-12-09
5159782,Tamara Davis,2006-05-15
64243281,Simon Stuart,2020-06-11
62483289,Jonathan Mead,2019-12-02
20720810,Kate Lamont,2008-12-16
15796061,Rhondda Jones,2008-02-16
3134390,Simon Gipson,2005-11-11
35535936,Aaron Kearney,2012-04-18
34902875,Susan Kenny,2012-02-27
58217317,Sean Dorney,2018-08-21
26411307,Jan Sardi,2010-03-03
46832093,Bruce Chapman Australian economist,2015-05-29
17872726,Liz Constable,2008-06-10
41253531,Martin Tenni,2013-12-03
2148237,Alan Eggleston,2005-07-01
35961269,Judyth Watson,2012-05-28
58692342,Alison Harcourt,2018-10-08
34490627,Marita Cheng,2012-01-25
50822579,Maree Smith,2016-06-16
37890988,Michelle Simmons,2012-12-10
43557861,Frances Separovic,2014-08-14
44314974,Linda Richards neuroscientist,2014-11-06
3536249,Leo Radom,2005-12-27
157453,Luc Longley,2002-12-13
7660538,Kate Palmer,2006-10-28
63910206,Adrian David Cheok,2020-05-10
61046585,Michael Davis Australian lawyer,2019-06-15
17157761,Martin Bowles,2008-04-28
61040561,Derek Byerlee,2019-06-14
43591693,Brenda Wilson,2014-08-18
61080151,Lex Doyle,2019-06-19
55751306,Monika Schmidt,2017-11-09
34816044,Annabelle Bennett,2012-02-20
32571730,Reginald Barrett,2011-07-29
40734890,Debra Mullins,2013-10-07
2007218,John Finnis,2005-06-08
15348350,Ruth Bishop,2008-01-21
61023565,Andrew Biankin,2019-06-12
59082740,Alan Cowman,2018-11-17
61005128,David Burke neurophysiologist,2019-06-10
59953737,Jayashri Kulkarni,2019-02-14
53417029,Ruth McNair,2017-03-08
26889908,Rachael Kohn,2010-04-09
10234051,Leigh Sales,2007-03-24
61519638,Debra Jackson nurse,2019-08-15
2271683,Dave Nilsson,2005-07-20
770311,Frank Sedgman,2004-07-01
3632211,Jan Cameron coach,2006-01-06
51027448,Don Tregonning,2016-07-08
26173081,Elizabeth Chong,2010-02-12
3220864,Adrienne Cahalan,2005-11-22
30425076,Dennis Meredith,2011-01-11
11658884,Deborah Lawrie,2007-06-08
380965,Kevin Rudd,2003-11-27
62451416,Jake Ellwood,2019-11-28
36165485,Robert Gillies Australian politician,2012-06-17
26761347,Frank Fisher rugby league,2010-03-30
63257427,Jessica Smith swimmer,2020-03-01
177032,Eric Bana,2003-01-31
60333137,George Mye,2019-03-26
398837,Darren Hayes,2003-12-12
6093316,Carrie Bickmore,2006-07-24
383626,Guy Sebastian,2003-11-30
2921827,David Campbell singer,2005-10-16
302695,Hugh Jackman,2003-08-23
10788984,Meryl Tankard,2007-04-20
2596561,Li Cunxin,2005-09-02
47243779,Cassandra Kelly,2015-07-15
57413196,Kathryn Fagg,2018-05-14
61124932,Nan Bosler,2019-06-24
561386,Margaret Jackson,2004-03-29
60179128,SarahJane Clarke,2019-03-09
1141276,John Tierney Australian politician,2004-11-07
21876,Natasha Stott Despoja,2002-02-25
22357320,John Cornwall South Australian politician,2009-04-10
48106686,John E Scanlon,2015-10-07
62441138,J Bruce Jacobs,2019-11-27
43697005,Josephine Flood,2014-08-30
61041307,Rae Cooper,2019-06-14
10416769,Graeme Turner,2007-04-02
13244813,Peter Rathjen,2007-09-13
48521889,Katherine Belov,2015-11-11
38296801,Faith Thomas,2013-01-22
3665514,Ricky Grace,2006-01-09
47021466,Tilman Ruff,2015-06-19
32292002,Elizabeth North South Australia,2011-07-03
57669978,Marie Porter,2018-06-13
57654104,Virginia Spate,2018-06-11
379756,Tom Gleisner,2003-11-26
7520200,John Goss racing driver,2006-10-19
24951500,Joanne Broadbent,2009-11-03
47052971,Christobel Saunders,2015-06-22
51002773,Rose Amal,2016-07-05
2312304,Kate Grenville,2005-07-26
61939298,Robyn Guymer,2019-10-02
14687057,Jill Bilcock,2007-12-13
41581165,Michael Noonan admiral,2014-01-08
49834103,Paul McLachlan,2016-03-18
12571610,Goff Letts,2007-08-02
60175531,Helen Brownlee,2019-03-08
16993562,John Cuneo sailor,2008-04-18
25161737,Geoffrey Harcourt,2009-11-22
2245109,John Kerin,2005-07-16
28333631,Robert Gottliebsen,2010-08-11
20061855,Philip Brady broadcaster,2006-05-16
634209,Christian Zahra,2004-05-04
30064090,Lee Tarlamis,2010-12-15
33147916,David Walker historian,2011-09-20
4983304,Barbara G Briggs,2006-05-02
26178169,Linda Jackson designer,2009-12-19
56510178,Arman Abrahimzadeh,2018-02-06
40366809,Robert Murray Smith,2013-08-27
50518443,David Smith Western Australian politician,2016-05-12
46410082,Ian Smith lobbyist,2015-04-14
53859896,Deepak Vinayak,2017-04-23
31119431,Joseph Assaf,2011-03-08
379878,Dawn Fraser,2003-11-26
58604104,Dawn Fraser Swimming Pool,2018-09-28
36389606,Anne Wills,2012-07-11
50796390,David Cooper immunologist,2016-06-13
3634727,Kathryn HarbyWilliams,2006-01-06
7800409,John Hatzistergos,2006-11-06
55798984,Phillip Thompson,2016-04-04
17542288,Ronald Eric Johnstone,2008-05-21
55504852,Roberta Shepherd,2017-10-11
61615882,Suzanne Chambers,2019-08-27
57722736,Shurlee Swain,2018-06-20
13609174,Catherine Branson,2007-10-07
25044275,Gillian Aldridge,2009-11-11
2889886,Andrew Murray Australian politician,2005-10-12
10257800,John Sharp Australian politician,2007-03-25
15929020,Noel Kelly rugby league,2008-02-24
61739689,Robin Creyke,2019-09-10
13021390,Geoffrey Burnstock,2007-08-30
44154854,Brian Owler,2014-10-19
12257662,Sever Sternhell,2007-07-15
57809537,Susan M Butler,2018-07-02
57664686,Terri Cater,2018-06-12
57660730,Susan Provan,2018-06-12
43835860,Erica Smyth,2014-09-16
57655202,San Thang,2018-06-11
14684276,Jeremy Fisher author,2007-12-13
27909796,Paul Broughton,2010-07-01
56925443,Keri CraigLee,2018-03-24
583502,Daryl Melham,2004-04-08
4793056,John Marshall swimmer,2006-04-18
30474385,Ann CarrBoyd,2011-01-14
5324941,John B Biggs,2006-05-28
3684813,Richard FrancisBruce,2006-01-11
33236108,Michael Ebeid,2011-09-28
61094187,Peter De Waal,2019-06-21
7332627,Anne Warner politician,2006-10-07
54209314,Kathryn Toohey,2017-06-03
11172111,M C Ricklefs,2007-05-11
17469235,Ian Robinson Australian politician,2008-05-17
3586676,John McLaren cricketer,2006-01-01
3326168,Joe Tripodi,2005-12-05
160126,Cate Blanchett,2002-12-21
22987953,Michael Crouch,2009-05-28
13092179,Ken Freeman astronomer,2007-09-04
4901174,Peter Gago,2006-04-26
11940289,John Gandel,2007-06-25
18628064,Alan Joyce executive,2008-07-29
52783681,Peter Klinken,2017-01-05
45348226,Julian McMahon barrister,2015-02-09
2755700,Jacques Nasser,2005-09-25
1520124,John Shine,2005-02-18
14933190,Robert Tickner,2007-12-29
35900874,Alex Zelinsky,2012-05-22
16976766,Kay Goldsworthy,2008-04-17
948343,Antony Green,2004-09-01
56140385,Helen Herrman,2017-12-26
30176277,James Hogan businessman,2010-12-24
13351429,Andrew Ford composer,2007-09-20
21232636,Ron Dyer,2009-01-24
11012067,George Henry Bennett,2007-05-02
28222676,Robert Spence bishop,2010-08-01
5425204,Darby McCarthy,2006-06-04
1193798,Amanda Keller,2004-11-21
60122905,Roger Noble,2019-03-03
12955969,Jared Tallent,2007-08-26
49205883,George Williamson Australian footballer,2016-01-24
43151455,Kerry Sanderson,2014-06-26
6242667,Glenn Stevens,2006-08-03
45088798,Jan Adams diplomat,2015-01-17
61363685,Fran Baum,2019-07-26
657584,John Bertrand sailor born 1946,2004-05-16
41374855,Carmel McLure,2013-12-15
63026925,Tony Beddison,2020-02-05
18137826,Hieu Van Le,2008-06-26
50889988,Peter Lloyd aviator,2016-06-21
13415756,Raymond Finkelstein,2007-09-24
64345459,Vivienne Thom,2020-06-22
6270727,Lynn Rainbow,2006-08-05
42782120,Tony Smibert,2014-05-17
9591539,George Souris,2007-02-19
50792448,Debbie Spillane,2016-06-13
50807874,Colin Raston,2016-06-14
9973616,Alan Stockdale,2007-03-10
62422985,John Wegner,2019-11-24
25383712,Nalini Joshi,2009-12-10
62430208,Kevin Donnelly,2019-11-25
41665585,Cheryl Edwardes,2014-01-17
37697552,Elizabeth Finkel,2012-11-20
2357005,Denis Evans,2005-08-01
187327,Kate Ceberano,2003-02-23
900386,Keith Payne,2004-08-14
3348706,Sue Smith politician,2005-12-07
6882950,Lex Lasry,2006-09-07
29406870,Elliot McAdam,2010-10-30
57448086,Karen Mahlab,2018-05-18
50071212,Bert Turner politician,2016-04-07
1399936,John Watkins Australian politician,2005-01-15
33342071,Stanton Welch,2011-10-08
28557742,Brett Chandler,2010-08-26
44852994,Rupert Myer,2014-12-27
16209431,Monica Oliphant,2008-03-10
44644159,Pip Pattison,2014-12-09
45444938,Finn Pratt,2015-02-19
4778749,John Douglas Story,2006-04-17
63632852,Deborah Terry,2020-04-12
13949797,Allan Luke,2007-10-28
46921272,Stephen Simpson professor,2015-06-08
30209368,Dick Smith entrepreneur,2004-05-31
11752844,Peter Coleman,2007-06-13
36369833,Peter ColemanWright,2012-07-09
36994079,Bulent Hass Dellal,2012-09-12
35678670,Lauren Jackson,2004-04-13
9646366,Julian Gardner lawyer,2007-02-22
34809457,Keith Vincent Garner,2012-02-20
18439264,Susie Elelman,2008-07-15
568797,Kay Hull,2004-04-01
27925921,Peter McMahon,2010-07-03
46929770,Ken Shadie,2015-06-09
9567731,Matt Burke rugby born 1964,2007-02-18
9804785,Chris Maxwell jurist,2007-03-02
39791286,David Jacka,2013-06-27
743319,Geoff Gardner,2004-06-22
7162736,John Sullivan Australian politician,2006-09-26
40661693,Nathan Efron,2013-09-29
26623579,Kym Anderson,2010-03-20
43558460,Judith Clements,2014-08-14
20707398,Patrick Keane,2008-12-15
33257942,John Trainer,2011-09-30
1993577,Denis Walter,2005-06-05
31949731,Tom Bathurst,2011-06-01
8786134,Les Carlyon,2007-01-06
27915506,Megan Clark,2010-07-02
43004608,Richard Gibbs biologist,2014-06-09
1971538,Barry Jones Australian politician,2005-06-01
43026845,Des Ball,2014-06-11
24254904,Deborah Cheetham,2009-09-07
53945987,Anne Penfold Street,2017-05-03
2425102,Steve Moneghetti,2005-08-11
15528133,Alexander Tzannes,2008-02-01
55476010,Minoti Apte,2017-10-08
9667488,Tony Benneworth,2007-02-23
40150933,Eleanor Witcombe,2013-08-04
3791309,Samina Yasmeen,2006-01-21
44727965,Greg Bilton,2014-12-15
3425465,Carl Vine,2005-12-15
17241747,Maureen Wheeler,2008-05-03
8834917,Tony Wheeler,2007-01-09
8834917,Tony Wheeler,2007-01-09
59571295,Patsy Wolfe,2019-01-04
42396632,Tim Barrett admiral,2014-04-04
58088328,Nadia Badawi,2018-08-07
1914119,Ziggy Switkowski,2005-05-20
720739,John So,2004-06-12
9238861,Graeme Koehne,2007-02-01
52719983,Barry Ninham,2016-12-29
44315171,Ingrid Scheffer,2014-11-06
854899,Michael Gawenda,2004-07-24
8527511,Bradley Trevor Greive,2006-12-20
2896174,Robert Hannaford,2005-10-13
18113601,Hetty Johnston,2008-06-24
21450470,Richard Colman,2009-02-08
42935154,Barbara Caine,2014-06-01
61581953,Caroline De Costa,2019-08-22
43962864,Philip Cummins,2014-09-27
2754180,Ernie Merrick,2005-09-25
20234159,Stan Collard,2008-11-16
2807922,Ray Warren,2005-10-01
70350,Marie Bashir,2002-08-11
7392737,Judy Masters,2006-10-11
18037363,Salvatore Zofrea,2008-06-20
22077111,Denise Roberts,2009-03-21
15877410,Denise Boyd,2008-02-21
47324395,Clement Smith Australian politician,2015-07-24
901644,Matt Welsh,2004-08-15
27029272,Albie Thomas,2010-04-20
907667,James Thompson VC,2004-08-17
47733343,Bill Turner footballer born 1912,2015-09-06
7044411,Dean Mildren,2006-09-18
1214699,Patrick Bugden,2004-11-27
22683788,Ron Haddrick,2009-05-04
31971264,Gus Gilmore,2011-06-03
22904883,James Crawford jurist,2009-05-22
1063665,Jill Ker Conway,2004-10-13
64261209,Chris Baggoley,2020-06-13
30305503,John Byrne judge,2011-01-04
646649,Ron Clarke,2004-05-10
2918156,Robert Dickerson,2005-10-16
566008,Jennie George,2004-03-31
566032,Petro Georgiou,2004-03-31
1471050,John Hopkins conductor,2005-02-06
37991829,Duncan Ironmonger,2012-12-21
5189181,Ronnie Burns singer,2006-05-18
37620125,William Delafield Cook,2012-11-12
805877,Cadel Evans,2004-07-11
22060782,Andrew Lloyd runner,2009-03-20
44141000,John Lynch New South Wales politician,2014-10-17
60188959,Margaret Hunter jurist,2019-03-10
3319666,Don Wing,2005-12-04
12234546,Richard Woldendorp,2007-07-13
5864515,David Wotton,2006-07-07
59344223,Alice Spigelman,2018-12-11
44643891,Peter Steele poet,2014-12-09
43233571,Haddon Storey,2014-07-07
54644760,Reginald Arnold,2017-07-25
15938304,David Llewellyn Australian politician,2008-02-25
36314771,Tony Hyams,2012-07-03
1054185,Janet Powell,2004-10-10
62924424,James Muecke,2020-01-25
18767630,Wayne Harrison director,2008-08-08
5593694,Elisabeth Kirkby,2006-06-17
46944202,Victor Kovalenko,2015-06-10
42669584,Ann Mitchell cricketer,2014-05-05
59168501,Alice MacLennan,2018-11-27
44946470,John Hardy aviator,2015-01-05
11373794,Ernie Bridge,2007-05-23
21993076,Heather Butler,2009-03-16
46992945,Phillip Toyne,2015-06-16
34071676,Peter Jones admiral,2011-12-15
39132117,Joseph Paul Forgas,2013-04-16
3099530,Alex George,2005-11-07
761546,Gareth Evans politician,2004-06-28
3839699,Ian Frazer,2006-01-25
1013237,Robert Hill Australian politician,2004-09-24
5755931,Stephen Hopper,2006-06-29
63594,Joan Kirner,2002-07-23
4637927,Wayne Martin judge,2006-04-05
23721,Peter Singer,2001-08-09
30306384,Ian Brusasco,2011-01-04
1131253,Harry Butler,2004-11-04
8873235,Piers Lane,2007-01-11
15016288,Simon McKeon,2008-01-03
42038955,Doug Jones international arbitrator,2014-02-24
45266117,Graeme Hugo,2015-01-31
10045774,John Herron Australian politician,2007-03-14
24419,Peter Carey novelist,2001-10-18
62215714,Mary Crooks,2019-11-01
41769220,Amanda Thane,2014-01-28
62850067,Deb Butterworth,2020-01-17
8173373,Bruce A Fuhrer,2006-11-29
60731423,Lisa Jackson Pulver,2019-05-11
12749130,Susan Kiefel,2007-08-13
380811,John Anderson Australian politician,2003-11-27
56219905,Marie Coleman,2018-01-05
3148758,Brian Ross Martin,2005-11-13
17141948,Nick Warner,2008-04-27
26824931,George Williams lawyer,2010-04-04
1356870,Ralph Willis,2005-01-03
62902556,Ben Swane,2020-01-23
4555546,Kerryn Phelps,2006-03-29
19871679,John Carmichael composer,2008-10-21
35665705,Steve Smith general,2012-04-30
896430,Adam Gilchrist,2004-08-12
5231612,James Halliday wine,2006-05-21
39213661,Dianne Hiles,2013-04-25
4295366,Michael Hodgman,2006-03-06
11681653,Roderick Weir Home,2007-06-09
15109232,Martin Copley,2008-01-08
19894003,Linda Dessau,2008-10-22
591467,Greig Pickhaver,2004-04-12
48230545,Andrew Sayers,2015-10-15
24767342,Hossein Valamanesh,2009-10-21
3771258,John Mawurndjul,2006-01-19
6548212,George Palmer composer,2006-08-19
42671081,Raymond Todd,2014-05-05
31709064,Anne Jones writer,2011-05-07
1813101,Lewis Morley,2005-04-29
32433490,Tony Miller rugby union,2011-07-16
25940046,Patrick McGorry,2010-01-25
2217843,Gordon Parker psychiatrist,2005-07-12
12750689,Michael Rozenes,2007-08-13
1398304,Tony Rundle,2005-01-15
55111808,Vicki Sara,2017-09-01
38622807,John von Doussa,2013-02-24
17053012,Mark Binskin,2008-04-22
58276387,Robert Bell artist and curator,2018-08-26
18117685,Valerie Beral,2008-06-24
28913,Steve Bracks,2001-11-19
40263018,Harold Mitchell media buyer,2013-08-17
9778480,Michael McRobbie,2007-02-28
52736990,James Angus scientist,2016-12-31
3828583,JohnMichael Howson,2006-01-24
23140011,Cliff Green,2009-06-08
33256993,John Green Australian politician,2011-09-30
60265052,Alison McCusker,2019-03-18
31421443,Ian Leslie,2011-04-06
11014885,Alan Cadman,2004-03-28
53128389,Neil Betts,2017-02-08
12674965,Hugh Edwards journalist,2007-08-08
58066060,Helen Cutler,2018-08-04
22637112,Richard Schodde,2009-05-01
32226670,T J Ryan,2004-09-10
42487364,Jack Bendat,2014-04-14
27584096,Tate Adams,2010-06-03
11643172,John Hartley academic,2007-06-07
339820,Clive Hamilton,2003-10-13
4497359,David Hamill,2006-03-24
12734905,Arie Freiberg,2007-08-12
40714743,Geoffrey Eames,2013-10-05
15718381,Kurt Lambeck,2008-02-12
32583056,Bruce Edward Hobbs,2011-07-30
38404020,Irene Gleeson,2013-02-02
4637215,Peter Underwood,2006-04-05
48567207,Mary E White,2015-11-16
25822838,John Mansfield judge,2010-01-16
3656507,Pam Kilborn,2006-01-08
41263613,John McGrath Victorian politician,2013-12-04
42634993,John Messara,2014-05-01
58505857,Karen Louise Wilson,2018-09-17
25861806,Margaret Christensen,2010-01-19
2729141,Bruce Clarke musician,2005-09-22
23742928,John Anderson philosopher,2002-11-20
19197431,Giovanni Antonaglia,2008-09-06
1890012,David Boyd artist,2005-05-15
39816128,John Ralston baritone,2013-06-30
16367787,Arthur Sinodinos,2008-03-18
64261539,Jim Bishop doctor,2020-06-13
14212220,John Bathersby,2007-11-12
14740903,Peter Baume,2007-12-17
22462457,David Bennett barrister,2009-04-18
173028,Geoff Gallop,2003-01-23
2167339,Reg Grundy,2005-07-04
4689709,John Howard,2001-11-11
41806205,Rob Atkinson surgeon,2014-02-01
61741878,Elizabeth Elliott paediatrician,2019-09-10
44118009,Es Downey,2014-10-15
12981998,Charles Birch,2007-08-28
59797109,Dorothy BucklandFuller,2019-01-29
57868261,Mollie CampbellSmith,2018-07-10
5999611,Paul Clitheroe,2006-07-17
11034057,Peter Corrigan,2007-05-03
11317534,Albert Dadon,2007-05-20
25812910,Tania de Jong,2010-01-15
2224602,James Kemsley,2005-07-13
16504981,Richard Lane writer,2008-03-23
2308201,Tracy Caulkins,2005-07-25
11271467,Peter Wilkinson drummer,2007-05-17
46452705,Max Graham footballer,2015-04-19
17468509,John Armitage politician,2008-05-17
44735492,James Purcell politician,2014-12-16
46778926,Jack Newton footballer,2015-05-23
7099631,Wolfgang Sievers,2006-09-21
2052106,Anne Phelan,2005-06-15
13253463,Henk Vogels,2007-09-13
2775329,Alan Seymour,2005-09-27
748320,Jim Stynes,2004-06-24
34167353,Charmaine Solomon,2011-12-23
38588604,Perry Crosswhite,2013-02-20
1739221,Raelene Boyle,2005-04-14
5161030,Bob Brown Australian Labor politician,2006-05-16
13706677,Barry Cohen,2007-10-13
8839965,Jennifer Strauss,2007-01-09
2415704,Naguib Kanawati,2005-08-09
5417231,Dennis Trewin,2006-06-04
9804900,Alex Chernov,2007-03-02
1937581,Ashley Cooper tennis,2005-05-25
59367524,Anne Kelso,2018-12-13
10737394,Iain McCalman,2007-04-17
4046989,Neil Mitchell radio presenter,2006-02-12
41675639,Mark Paterson public servant,2014-01-18
52885914,Jill Roe,2017-01-16
6126177,Don Talbot,2006-07-26
14684945,Mark Evans general,2007-12-13
10215129,Peter Leahy,2007-03-23
23473530,Victor Smorgon,2009-07-03
29508730,Ross Adler,2010-11-07
1864792,Peter Carnley,2005-05-09
22830239,Margaret McMurdo,2009-05-17
52650346,Anne Lynch artist,2016-12-21
4329321,Ron Evans,2006-03-09
5784134,Bert Flugelman,2006-07-01
27339085,John Yovich,2010-05-13
3194238,Les Murray broadcaster,2005-11-19
26466323,Peter Patmore,2010-03-08
774739,Ralph Doubell,2004-07-03
31824192,Steve Gilmore,2011-05-19
7291367,John Coates sports administrator,2006-10-04
3770588,David de Kretser,2006-01-19
7375355,Donald McDonald ABC chairperson,2006-10-10
1196855,Margaret Olley,2004-11-22
2007696,Shane Stone,2005-06-08
17685681,Margaret Beazley,2008-05-30
52037473,Julie Campbell vascular biologist,2016-10-19
810615,Rosemary Follett,2004-07-12
22725847,Michael Bryce,2009-05-08
30497704,Jim Clarko,2011-01-16
3034822,Greg Combet,2005-10-30
38828795,Keith De Lacy,2013-03-16
381507,Colleen McCullough,2003-11-28
34497242,Terry Moran public servant,2012-01-25
53257,Olivia NewtonJohn,2002-05-24
4938583,Richard Searby,2006-04-29
26549609,Ian Braid,2010-03-14
32127204,David Brockhoff,2011-06-18
17826162,Ash Power,2008-06-07
6162954,Jack Absalom,2006-07-28
33257359,Eric Charlton,2011-09-30
18899347,Jack Denham,2008-08-17
3631874,Julie McDonald swimmer born 1970,2006-01-06
20234189,Ernie Page politician,2008-11-16
60297986,Joan Rose Dwyer,2019-03-22
31097370,Richard Shine,2011-03-06
64419210,Jane Singleton,2020-06-30
28368620,Jim Petrich,2010-08-15
33257557,Howard Olney,2011-09-30
381613,Rachel Ward,2003-11-28
28198113,Saxon White,2010-07-30
5255870,Michael Wilson Australian politician,2006-05-23
53419892,Terry Underwood,2017-03-08
4820808,Tetsuya Wakuda,2006-04-20
4157744,Tracey Wickham,2006-02-22
4872500,Geoff Mack,2006-04-24
20187558,Tom Tehan,2008-11-12
1148575,Bryan Brown,2004-11-09
33021954,David Irvine diplomat,2011-09-08
48309606,Graeme Jameson,2015-10-21
58346104,Stanley Jones judge,2018-08-31
55681445,Jane Mathews,2017-11-01
6495325,Allan Moss,2006-08-16
2705962,Jocelyn Newman,2005-09-19
33696574,Diana Laidlaw,2011-11-10
18032207,Bruce Lloyd,2008-06-20
20145591,Robert Clancy doctor,2008-11-10
6107632,Brian Davies rugby league,2006-07-25
57989699,Stella Bywaters,2018-07-25
1602538,Douglas Daft,2005-03-13
3986960,Marilyn Warren,2006-02-07
1410045,Charlie Bell businessman,2005-01-19
50071631,Freda Briggs,2016-04-07
33691012,Samuel Berkovic,2011-11-09
30470763,Peter Morris surgeon,2011-01-14
46754180,John Ryan diplomat,2015-05-20
64083213,John Douglas Morrison,2020-05-27
62100515,Margot Vowles,2019-10-19
14273915,Ross McLean politician,2007-11-16
4671389,Nick Enright,2006-04-08
772287,George Gregan,2004-07-02
32951423,John Sydney Haines,2011-09-02
42997405,Clifford Harry Thompson,2014-06-08
43236223,Margaret Ray Australian politician,2014-07-07
6731503,Harry Frederick Recher,2006-08-28
4779576,Judi Connelli,2006-04-17
206392,Nancy Wake,2003-04-06
55314327,Adele Green,2017-09-22
26155167,Leo Hielscher,2010-02-11
1626392,James Killen,2005-03-20
7723293,Hugh Stretton,2006-11-01
11807364,Raymond Apple rabbi,2007-06-17
56209430,Joan Bielski,2018-01-04
36055979,John Chapman general,2012-06-06
26536636,Helen Nugent,2010-03-13
43762250,Mahla Pearlman,2014-09-07
581422,Margaret Reid politician,2004-04-07
40469045,Cathy McGowan politician,2013-09-07
33257870,Bob Hetherington,2011-09-30
48768465,Iris Burgoyne,2015-12-09
58927445,Jane Edmanson,2018-10-31
3001167,Hayley Lewis,2005-10-26
23796318,Jacqueline Mason,2009-07-30
156123,Steve Waugh,2002-12-09
41849174,Max Howell educator,2014-02-05
19567269,Bob Hammond,2008-10-02
30222005,Basil Scarsella,2010-12-28
7479079,Ron Radford,2006-10-17
15999908,Tom Lewis author,2008-02-28
31925612,Neville Thiele,2005-01-11
41275448,Jillian Broadbent,2013-12-05
400912,Doug Anthony,2003-12-14
23822334,Roderick Carnegie,2009-08-01
931827,Richard Court,2004-08-26
2488071,Michael Field politician,2005-08-19
561386,Margaret Jackson,2004-03-29
38854109,Primrose Potter,2013-03-19
14623470,Bob Baxt,2007-12-09
40714653,Robert Brooking,2013-10-05
8965354,Geraldine Doogue,2007-01-17
49693140,Thancoupie,2016-03-09
20203188,Andrea Hull,2008-11-14
4145179,Ken Inglis,2006-02-21
2799471,Dean Jaensch,2005-09-30
42812563,Terry Jackman,2014-05-20
17046983,Toni Lamond,2008-04-22
28329556,John Mitchell administrator,2010-08-11
2520646,Paula Duncan,2005-08-23
5783406,Robert Champion de Crespigny,2006-07-01
815139,John Doyle judge,2004-07-13
409149,Herb Elliott,2003-12-20
1186353,Kenneth Hayne,2004-11-19
27987443,Kay Hallahan,2010-07-09
2563194,George Szekeres,2005-08-28
23270711,George Szekeres Medal,2009-06-18
4579582,Australian Mathematical Society,2006-03-31
2917166,Ian Wilson politician,2005-10-16
1689136,Mike Ahern Australian politician,2005-04-03
52720414,Ronald Drayton Brown,2016-12-29
10215129,Peter Leahy,2007-03-23
51395339,Beryl Nashar,2016-08-22
2292559,Clifford Possum Tjapaltjarri,2005-07-23
27898959,Mike Willesee,2006-04-29
46882024,Alan Coates,2015-06-03
52171075,Anne Hepburn,2016-11-02
15237796,Edgar Britt,2008-01-15
1110731,Ray Hadley,2004-10-28
23952752,Nicholas Euclid,2009-08-12
3895050,Pinchus Feldman,2006-01-30
47918874,Bruce Peake,2015-09-24
14683910,Gwyn Hanssen Pigott,2007-12-05
24064820,George Bornemissza,2009-08-21
3230759,David Ashton botanist,2005-11-24
9623824,Ian Lowe,2007-02-21
1996713,Dianne Yerbury,2005-06-05
27842975,Elizabeth Anne Reid,2010-06-25
52431307,James Dunn diplomat,2016-11-30
57882111,Judith Whitworth,2018-07-12
1010283,Janine Haines,2004-09-23
33345575,Hilary McPhee,2011-10-08
22978742,Jackie Huggins,2009-05-27
9401726,Jim Carlton,2007-02-09
1138584,John Yu,2004-11-06
33265547,John Mathwin,2011-10-01
54204157,Dick Kimber,2017-06-02
2994195,Jack Lockett,2005-10-25
57382579,Mary Sawyer tennis,2018-05-10
11048941,Kevin Scarce,2007-05-04
8431667,John Treloar athlete,2006-12-14
1510351,Peter Thomson golfer,2005-02-15
8360376,Michael Morgan rower,2006-12-10
2807449,Doug Lowe Australian politician,2005-10-01
1585612,Sam Calder,2005-03-09
2926439,Don Cameron Queensland Liberal politician,2005-10-17
41672204,Patrick Corrigan businessman,2014-01-17
15698464,Wayne Denis Hall,2008-02-11
32679553,Paul Symon,2011-08-08
731639,Murray Rose,2004-06-17
7072512,Sally Thomas,2006-09-20
55493956,Beryl Grant,2017-10-10
14780626,Richard Scotton,2007-12-19
2124582,Geoffrey Wickham,2005-05-26
9782491,James Roland Wood,2007-03-01
9142412,Paul de Jersey,2007-01-27
10692160,Robyn Archer,2007-04-16
22462457,David Bennett barrister,2009-04-18
18870989,John Carter endocrinologist,2008-08-15
47046796,Reginald Marr,2015-06-22
33309877,John Maclean sportsperson,2011-10-05
37944159,Darryl Smith cricketer,2012-12-16
4293524,David Smorgon,2006-03-06
1860614,Bill Brown cricketer,2005-05-09
9627253,John Winneke,2007-02-21
9343864,William Cox governor,2004-11-18
6850466,Marcia Neave,2006-09-05
9031833,Cheryl Praeger,2007-01-21
25951380,George Paciullo,2010-01-26
15291824,Evan Adermann,2008-01-18
14626565,Michael Baume,2007-12-09
23896453,Ian Porter politician,2009-08-07
23771860,Geoff Henke,2009-07-28
5155878,Joan Hall,2006-05-15
44212711,James Semple Kerr,2014-10-26
26794895,James Harrison blood donor,2010-04-02
1998434,Gracia Baylor,2005-06-06
3182233,Guy Warren artist,2005-11-17
954692,Bud Tingwell,2004-09-03
44700651,Michael Fitzgerald Page,2014-12-13
2976335,David Dicks,2005-10-23
3656162,Marlene Mathews,2006-01-08
20850367,Neale Lavis,2008-12-27
11429638,Lionel Cox cyclist,2007-05-26
35799188,Ronald Crawford racewalker,2012-05-12
1696458,Leneen Forde,2005-04-05
4215350,Lorraine Crapp,2006-02-27
13078165,Eric Gross,2007-09-03
18684185,Richard Cleaver,2008-08-01
27830472,Wilma Oram,2010-06-24
2970768,George Seddon academic,2005-10-22
14640461,Ken Gillespie,2007-12-10
54449516,Phillip Playford,2017-07-03
52480467,Jim Barry general,2016-12-05
40466941,Elizabeth Burchill,2013-09-07
63568489,Yvonne Cossart,2020-04-05
44038166,Rex Stevenson,2014-10-06
60271096,A W Martin,2019-03-19
19597221,Don Aitkin,2008-10-03
8552205,Weston Bate,2006-12-21
5015721,Geoff Wilson professor,2006-05-05
64262856,Richard Smallwood doctor,2020-06-13
302827,Andrew Peacock,2003-08-23
4429540,Wal Murray,2006-03-18
49092946,Patrick Quilty,2016-01-13
48564127,Sophie Charlotte Ducker,2015-11-16
959664,Sid Atkinson,2004-09-05
341506,Morris West,2003-10-15
63624725,Nan Giese,2020-04-11
30065217,Peter Andry,2010-12-15
1820386,Glenn Murcutt,2005-04-30
47218933,Roger McNeice,2015-07-12
50649494,Mavis Thorpe Clark,2016-05-27
19283641,Helen Zerefos,2008-09-12
28464298,Ken Wyatt,2010-08-21
33285411,Ron Tucker,2011-10-03
43502054,John Cohen Australian politician,2014-08-08
5513757,Clifton Hoeben,2006-06-11
64199762,Geoff Tracey,2020-06-07
59353031,Edgar Riek,2018-12-11
888066,John Zillman,2004-08-09
29340701,Percy Allan,2010-10-25
46977844,John Kerr pathologist,2015-06-14
20108,Mick Doohan,2001-09-30
244345,Margaret Court,2003-06-12
42367826,Patricia Kailis,2014-04-01
251098,Michael Jeffery,2003-06-22
6864683,Jocelynne Scutt,2006-09-06
152157,George Miller filmmaker,2002-11-27
186064,Fiona Stanley,2003-02-21
6391660,Elizabeth Evatt,2006-08-11
30594295,Denise Bradley,2011-01-23
1758387,David Flint,2005-04-18
2575762,Frank Brennan priest,2005-08-30
64269801,Diana Horvath,2020-06-14
58284587,Anthony William Linnane,2018-08-27
7851408,Michael V Drake,2005-06-04
17174927,Nick Dondas,2007-11-18
3279213,James Hamlyn Willis,2005-11-30
26980064,John Grey Australian general,2010-04-16
46816379,Ivon Wardle,2015-05-27
21660471,Don Livingstone,2009-02-22
19969729,Eva Cox,2008-10-28
1799141,Wenten Rubuntja,2005-04-26
5753000,Celia Rosser,2006-06-29
1179477,Frank McNamara RAAF officer,2004-11-17
10136598,Neal Blewett,2007-03-19
36113942,Kyrra Grunnsund,2012-06-12
11485057,Mike Kelly Australian politician,2007-05-29
1211690,James Burrows Thomas,2004-11-26
1379885,Richard McGarvie,2005-01-10
9065336,Peter Graham fighter,2007-01-23
41713069,Peter Wilenski,2014-01-22
2866672,Colin Bond,2005-10-09
59852766,Ronald Strahan,2019-02-04
44082706,Spencer Grace,2014-10-11
6492430,Pauline Neura Reilly,2006-08-16
14914555,Frank Gardner racing driver,2004-11-30
17080928,Babette Stephens,2008-04-23
20238568,Joan Phipson,2008-11-16
62549981,Kerry Walker,2019-12-10
11759486,William T Cooper,2007-06-14
44115650,Eilene Hannan,2014-10-15
7815789,Edmund Capon,2006-11-07
2050236,Rosalie Gascoigne,2005-06-15
4168352,John Singleton Australian entrepreneur,2006-02-23
25797331,Lucy Napaljarri Kennedy,2010-01-13
34293367,Kevin Bacon equestrian,2012-01-06
61645330,Adrian Charles,2019-08-30
39983142,James Grant Australian bishop,2013-07-16
46393105,Rene Hardenbol,2015-04-12
987860,Louise Sauvage,2004-09-15
50260345,Bruce Bowley,2016-04-21
2271368,Lin Onus,2005-07-20
62282958,Geoff Shaw Aboriginal leader,2019-11-08
47142123,Robert Southey businessman,2015-07-03
39723160,Betty Burstall,2013-06-19
4303392,James Fairfax,2006-03-07
2901234,Louis Kahan,2005-10-13
62496826,Jim Gasteen,2019-12-04
33236952,Bruce Wallrodt,2011-09-28
46585614,Donna Burns,2015-05-02
13504484,John Brown Australian politician,2007-09-30
32437286,Jodi WillisRoberts,2011-07-16
33255870,Sandra Yaxley,2011-09-30
33247231,Brian McNicholl,2011-09-29
60144544,Ann Moyal,2019-03-05
33255037,Donna Smith athlete,2011-09-29
46393515,Joshua Hofer,2015-04-13
19568968,Ralph Slatyer,2008-10-02
25653312,Michael Kailis,2010-01-02
62703064,Ron Penny,2019-12-31
1454153,Bill Wentworth,2005-02-01
1760049,Tom Uren,2005-04-18
1862804,Donald Metcalf,2005-05-09
4373928,Sallyanne Atkinson,2006-03-13
15635005,Roc Kirby,2008-02-07
20235812,John Murtagh Macrossan judge,2008-11-16
5803356,Michael Clyne,2006-07-02
9446340,John Passmore,2007-02-11
7232749,John Niland,2006-10-01
445291,Clive James,2004-01-28
32454792,Jacqueline Jarrett Goodnow,2011-07-18
23582611,Natascha McNamara,2009-07-12
17313661,Robert Somervaille,2008-05-07
3272007,Bruce Webster politician,2005-11-29
40141714,Geoff Chisholm,2013-08-03
46735422,Pixie Annat,2015-05-18
978858,Don Chipp,2004-09-12
2760904,Peter Sinclair governor,2005-09-25
43211238,Barry Maddern,2014-07-04
55378976,Tony Parsons Australian author,2017-09-28
5072510,Kevin Berry,2006-05-09
34191699,Alan Head,2011-12-26
27858367,George Freudenstein,2010-06-26
34736388,Patricia Mather,2012-02-14
7483202,James Mollison,2006-10-17
2621727,John McCallum actor,2005-09-05
61320584,Erica McGilchrist,2019-07-20
35408155,Sheila Scotter,2012-04-09
3737690,Wendy Blacklock,2006-01-16
1018994,Arthur Boyd,2004-09-26
2947679,Roger Woodward,2005-10-19
59608088,Keith Middleton,2019-01-08
42560384,Michelle den Dekker,2014-04-23
5834667,Adrienne Clarke,2006-07-05
15720049,Charlie Yankos,2008-02-12
9192393,Trevor Allan rugby,2007-01-29
20009808,Heather Southcott,2008-10-31
49126230,William Dunn South Australian politician,2016-01-17
19670280,Colin Woods,2008-10-08
7045762,Beryl Beaurepaire,2006-09-18
14101427,Don Kay composer,2007-11-06
22044140,Peter Yeldham,2009-03-19
463434,Judith Anderson,2004-02-10
299439,Brett Whiteley,2003-08-19
63380195,Brett Whiteley House,2020-03-15
776149,Robert Hughes critic,2004-07-03
2496151,John Perceval,2005-08-20
1390879,Miriam Hyde,2005-01-12
2687735,Tony Barber,2005-09-16
20175146,Alexander Fraser Australian politician,2008-11-12
49862274,Phillip Adams sport shooter,2016-03-20
21069265,Neil Batt,2009-01-13
10520104,Issy Pilowsky,2007-04-07
451436,Fred Hollows,2004-02-02
20132567,Peter Isaacson,2008-11-09
14271369,Renfrey Potts,2007-11-16
27991586,John Mulvaney,2010-07-10
40366526,Bill Peach,2013-08-27
6495067,Tony Eggleton,2006-08-16
3244781,Ron Casey Melbourne broadcaster,2005-11-26
5785132,Nicholas Shehadie,2006-07-01
440324,J J C Smart,2004-01-24
40091793,Hal Wootten,2013-07-28
2172663,Basil Hetzel,2005-07-05
2049194,Joan Child,2005-06-15
26466262,Gill James,2010-03-08
2693353,Susan Ryan,2005-09-17
20130003,Ron Davies Tasmanian politician,2008-11-09
42714481,John Taylor public servant,2014-05-10
1523596,Nancy Millis,2005-02-19
49391510,Elizabeth Nesta Marks,2016-02-11
52695769,Jim Morrison chemist,2016-12-26
304157,Jack Dyer,2003-08-25
12177904,John Baker general,2007-07-10
25975013,Kath Venn,2010-01-28
1360333,James Gleeson,2005-01-04
7404382,Rodney Hall writer,2006-10-12
12985413,Bob Whan,2007-08-28
70679,Marjorie JacksonNelson,2002-08-12
963930,Gaby Kennard,2004-09-06
3487384,Duncan Armstrong,2005-12-21
9456958,Sally Carbon,2007-02-12
36505137,Jenny Cheesman,2012-07-22
1562749,Elisabeth Murdoch philanthropist,2005-03-03
37701936,Ted Harris company director,2012-11-21
4092208,Bob Maguire,2006-02-16
18031508,Arthur Hewson,2008-06-20
7075157,Brian Frank Martin,2006-09-20
45532774,Wendy McCarthy,2015-02-28
36891920,Richard Kingsland,2012-09-01
481779,John Newcombe,2004-02-22
409215,Mary Durack,2003-12-20
17075889,Noel Ferrier,2008-04-23
38288997,Howard Taylor painter,2013-01-21
2201228,Yvonne Kenny,2005-07-09
32484070,Patrick Troy,2011-07-21
42949062,Kathleen Taperell,2014-06-03
2918798,James Bradley Australian writer,2005-10-16
50192373,Ian Knox admiral,2016-04-16
43495439,Robert Story botanist,2014-08-07
3894112,Colin Watson footballer,2006-01-30
4899114,John Devitt,2006-04-26
1138530,Gustav Nossal,2004-11-06
42578570,Keith Russack,2014-04-25
43236721,Peter RossEdwards,2014-07-07
53695277,Margaret Manion,2017-04-05
5147194,Laurence Street,2006-05-15
14554289,Russell Fox,2007-12-04
1392885,Michael McHugh,2005-01-13
1066486,Francis Burt,2004-10-14
6824548,George Blaikie,2006-09-03
61834662,George Sparnon,2019-09-20
58195343,Nan Waddy,2018-08-19
47010224,Leslie Lazarus,2015-06-18
11136130,Ron Mulock,2007-05-09
19734,Malcolm Fraser,2001-08-17
70350,Marie Bashir,2002-08-11
19391545,Douglas Warren bishop,2008-09-19
6956345,Ian Constable,2006-09-12
52452,John Gorton,2002-05-19
20366139,Merv Everett,2008-11-24
1861430,Wayne Gardner,2005-05-09
56038499,Sam Coffa,2017-12-13
3281653,David Graham golfer,2005-11-30
4792638,Terry Gathercole,2006-04-18
55279831,Pat Clohessy,2017-09-18
26965990,Ken Woolley,2010-04-15
64218506,Rosemary Wighton,2020-06-09
24615943,Margaret Stones,2009-10-08
26381489,Annemieke Mein,2010-03-01
2053255,Elizabeth Jolley,2005-06-15
20325560,Tom Hungerford,2008-11-21
5514873,John Roberts Australian businessman,2006-06-11
57227046,John Charles Robertson army officer,2018-04-25
8013411,Tom Bass sculptor,2006-11-19
958686,Dorothy Auchterlonie Green,2004-09-04
18046167,Mary Fairfax,2008-06-20
63872280,Reg Kermode,2020-05-06
3507278,David Bell field hockey,2005-12-23
1938124,Arthur Beetson,2005-05-25
157447,Greg Norman,2002-12-13
490388,Weary Dunlop,2004-02-26
1927679,Ron Walker Australian businessman,2005-05-23
9401673,Nancy Borlase,2007-02-09
1248074,David Gulpilil,2004-12-06
8157840,Roger Kemp,2006-11-28
46915305,Kira Bousloff,2015-06-07
4343531,Rica Erickson,2006-03-10
100850,Harry Seidler,2002-10-08
570998,John Bell Australian actor,2004-04-02
50229515,Robert Walls admiral,2016-04-19
64229608,Leonard Webb academic,2020-06-10
24999704,Bruce Rosier,2009-11-07
48563913,Helen Alma Newton Turner,2015-11-16
1662249,Davis McCaughey,2005-03-29
43608439,Harvey Barnett,2014-08-20
4092691,Ian Castles,2006-02-16
62481151,Alban Lynch,2019-12-02
5859278,Len King,2006-07-06
20129707,Gil Duthie,2008-11-09
14354585,Ralph Jacobi,2007-11-22
44790895,Arthur Whyte,2014-12-20
32114314,Bill Borthwick,2011-06-17
33257259,Liz Grant,2011-09-30
1059467,Harry Gibbs,2004-10-12
3643172,Stephen Wurm,2006-01-07
3069899,Fred Gruen,2005-11-03
59550458,Joan Montgomery,2019-01-02
23140752,Rosemary Crossley,2006-04-23
27253515,Hurtle Lupton,2010-05-06
1298728,Ken G Hall,2004-12-19
61054166,Betty Allan,2019-06-16
693671,Murray Gleeson,2004-05-31
5477261,Robert Jackson UN administrator,2006-06-08
24108985,Alec Fong Lim,2009-08-25
30943122,Brian King bishop,2011-02-19
60629531,Wendy Chapman,2019-04-30
45365052,Don Simmons politician,2015-02-11
44087218,John Duncan Australian politician,2014-10-12
1066479,Gordon Reid governor,2004-10-14
30314015,Mick Miller police officer,2011-01-04
309638,Malcolm Blight,2003-09-02
26513076,John Newham,2010-03-11
2518709,David Parker director,2005-08-23
62876859,Brenton Langbein,2020-01-20
49165293,Keith Simpson footballer,2016-01-20
31023846,John Shaw baritone,2011-02-27
26994002,Geoffrey Serle,2010-04-18
1471451,John Toohey judge,2005-02-06
63827983,Ranald Macdonald Australian journalist and educator,2020-05-01
10455756,Walter Jona,2007-04-04
46514091,Trevor Haworth,2015-04-25
4792874,Stephen Holland,2006-04-18
36872477,Walter Lewis Bridgland,2012-08-30
5915101,Franco BelgiornoNettis,2006-07-11
3291502,George Golla,2005-12-01
27656086,George Gollan,2010-06-09
33116356,Hugh Wirth,2011-09-17
3489230,David P Craig,2005-12-21
3351321,Hugh Alexander Dunn,2005-12-07
60773991,Robert Reid ice hockey,2019-05-15
1703344,Peter Dunn general,2005-04-07
41870403,Tony Ayers,2014-02-07
45365021,Molly Byrne,2015-02-11
20854298,John Truscott,2008-12-27
38806538,Ray Gietzelt,2013-03-13
27784565,Max Walsh,2010-06-21
61320535,Genni Batterham,2019-07-20
49469629,Harrison Bryan,2016-02-18
14743012,William David Lindsay Ride,2007-12-17
29042267,Donald Robinson bishop,2010-10-03
3632330,Graham White swimmer,2006-01-06
61328617,Hamar Midgley,2019-07-21
17922954,Michael Hudson admiral,2008-06-13
29681413,David Leach admiral,2010-11-20
37653171,Jim Wallace Australian activist,2012-11-15
3539408,Bob McLeod cricketer,2005-12-27
2583100,Geoffrey Bolton,2005-08-31
22114576,Milton Moon,2009-03-24
46873149,Naomi Mayers,2015-06-02
1062869,William Kidston,2004-10-13
20515129,Bertie Brownlow,2008-12-02
34839774,Pauline English,2012-02-22
6316584,Ronald John Yates,2006-08-07
32463738,Kevin Coombs,2011-07-19
51856448,Richard Burt politician,2016-10-04
14774571,Gordon Jackson businessman,2007-12-19
21895057,George Ogilvie,2009-03-09
1180501,Richard Bonynge,2004-11-17
18416114,David Watson Queensland politician,2008-07-13
1697250,Robin Gibson architect,2005-04-05
7914842,Andrew Andersons,2006-11-13
64454,Thomas Keneally,2002-07-25
42704298,Raymond Berg,2014-05-08
19387130,Geoffrey Mayne,2008-09-19
9515563,Lindsay Pryor,2007-02-15
5362230,Reg Sprigg,2006-05-31
44771610,Don Banfield,2014-12-19
10991710,Margaret Fulton,2007-04-30
44458,Peter Weir,2002-03-15
38455879,John Bloomfield academic,2013-02-07
49727481,George Joseph Australian politician,2016-03-11
1227676,Charles Court,2004-11-30
370482,Barry Humphries,2003-11-17
38751432,Enid Lorimer,2013-03-08
60407512,Bob Brissenden,2019-04-03
44912157,Brian Crossley,2015-01-01
54090556,Sam Jacobs judge,2017-05-20
9601263,Barry Hickey,2007-02-20
41174202,Julian Stefani,2013-11-24
5529138,Yami Lester,2006-06-12
56959410,Sybil Craig,2018-03-27
20293465,Kym Bonython,2008-11-19
15093165,David Ireland author,2006-11-16
47175348,Nancye Hayes,2015-07-07
8017587,Margaret Sutherland,2006-11-19
13377072,John Andrews architect,2007-09-21
16396205,John Dowie artist,2008-03-19
49154299,Jack Sweet,2016-01-19
44716742,Ren DeGaris,2014-12-14
43984989,Percy Williams Australian rugby league player,2014-09-30
4018065,Julius Stone,2006-02-09
690781,Garfield Barwick,2004-05-30
21337523,Raymond Begg,2009-01-31
64648053,Sister Mary Ursula Grachan,2020-07-26
46531625,Stephen MurraySmith,2015-04-26
8394082,A A Phillips,2006-12-12
40106866,Eric Barnard politician,2013-07-30
24809831,Keith Smith engineer,2009-10-24
3497131,Doug Waterhouse,2005-12-22
41802351,Ralph Harry,2014-01-31
679550,Eddie Charlton,2004-05-25
22899084,Neil MacLeod footballer,2009-05-22
1712257,David Fleay,2005-04-09
1588333,Russell Drysdale,2005-03-10
7834548,John Coburn painter,2006-11-08
25578679,Queenie Ashton,2009-12-28
6738909,Don Banks,2006-08-28
44345016,Mario Feleppa,2014-11-09
58066060,Helen Cutler,2018-08-04
8818558,John Rosewell,2007-01-08
266215,Peter Brock,2003-07-13
60230523,Ray Mitchell wrestler,2019-03-14
12623279,Rudolph Brasch,2007-08-05
9600065,Douglas Stewart poet,2007-02-19
33842445,Marea Gazzard,2011-11-23
39951730,Bruce Alexander McDonald,2013-07-13
6676669,Norman Chaffer,2006-08-25
29560969,George Althofer,2010-11-11
54431150,Geoffrey Ayling,2017-06-30
87021,Don Bradman,2001-10-04
34058651,Lloyd Evans plant physiologist,2011-12-14
37847900,Reg Downing,2012-12-06
543848,Don Dunstan,2004-03-22
2236747,John Jefferson Bray,2005-07-15
3076422,William Macmahon Ball,2005-11-04
46816398,John Coumbe,2015-05-27
1419867,Fred Daly politician,2005-01-22
12454,Gough Whitlam,2001-09-25
1449921,Tony Luchetti,2005-01-31
2807476,Bill Neilson,2005-10-01
48493210,Alan Lind,2015-11-08
4715557,Jack Oatey,2006-04-12
92930,Ron Barassi,2002-09-27
26915100,Jack Studdert,2010-04-11
2509031,Alexandra Hasluck,2005-08-22
24294510,Paul Cullen general,2009-09-10
51524393,Peter Spillett,2016-09-06
1707546,Colin Thiele,2005-04-08
27867751,John Whitelaw general born 1921,2010-06-27
866899,Tom Roberts,2004-07-30
3393969,John Tonkin,2005-12-12
12969775,John Lazar,2007-08-27
2968366,Charles K Bliss,2005-10-22
38968516,Vi Jordan,2013-03-31
25839,Robert Menzies,2001-08-17
36583205,Bernard Mills,2012-07-30
6123655,Nancy Tyson Burbidge,2006-07-26
9456780,Anthony Synnot,2007-02-12
52254518,Elsie Curtin,2016-11-12
19548578,Jack Gerke,2008-10-01
2309328,Vincent Lingiari,2005-07-26
4303049,Phillip Law,2006-03-07
56462683,Irene Greenwood,2018-01-31
1188254,Ernest Smith,2004-11-19
35598963,Elwyn Lynn,2012-04-24
693836,Manning Clark,2004-05-31
5445542,James McAuley,2006-06-06
377152,Joan Sutherland,2003-11-24
3549713,Paddy Pallin,2005-12-28
31644459,Stuart Clarence Graham,2011-05-01
23813276,Lindesay Clark,2009-07-31
2807502,Eric Reece,2005-10-01
57216960,Joy Cummings,2018-04-24
45668030,Betty Bryant,2015-03-14
5016732,Ted Baillieu,2006-05-05
48601759,Anne Astin,2015-11-20
29418293,Roger Steele,2010-10-31
61851474,Ian Stewart police commissioner,2019-09-21
2722294,Anne McEwen politician,2005-09-21
14728216,John Harvey racing driver,2007-12-16
28210920,Genevieve Bell,2010-07-31
35870259,Anthony William Thomas,2012-05-19
931368,Robyn Williams,2004-08-26
43557859,Gael Jennings,2014-08-14
33136239,Jeffrey Goldsworthy,2011-09-19
49666920,Fiona McLeod barrister,2016-03-07
14651616,Sarah Bradley judge,2007-12-11
27736398,William J Mitchell,2010-06-17
62932907,Helen Leake,2020-01-26
63523828,Rachelle Buchbinder,2020-03-31
59032026,Diana EgertonWarburton,2018-11-12
23520606,Peter McIntyre architect,2009-07-07
63731626,Lea Waters,2020-04-22
51047289,Justin Yerbury,2016-07-11
1903779,Jane Turner,2005-05-18
5757789,Albert Bensimon,2006-06-29
3215834,Tim Minchin,2005-11-22
1574157,Keith Urban,2005-03-06
42625639,Clare Wright,2014-04-30
25118593,Emily Cox conductor,2009-11-18
32149227,John Zerunge Young,2011-06-20
170977,Hugo Weaving,2003-01-19
48161225,Harriet Edquist,2015-10-11
48820131,Kate Mulvany,2015-12-14
6477654,Douglas Lawrence,2006-08-15
45539761,George Savvides,2009-05-29
7407154,Sam Lipski,2006-10-12
6076039,Peter Combe,2006-07-23
11848731,Linda George Australian singer,2007-06-19
63314017,Mary Featherston,2020-03-08
1227242,James Gorman VC,2004-11-30
18416152,Mary Crawford,2008-07-13
1207188,Elaine Carbines,2004-11-25
57387946,Raymond Specht,2018-05-10
48625884,Rachel Webster,2015-11-23
33224431,Richard Broome,2011-09-27
62949498,Rae Frances,2020-01-27
3143412,John Dewar academic,2005-11-12
49455272,Joan Cribb,2016-02-17
22115588,Raymond Brownell,2009-03-24
46377011,Gregory John Keighery,2015-04-11
58843898,Carly Findlay,2018-10-22
13135070,Michael Bowden footballer,2007-09-07
3170659,Larissa Behrendt,2005-11-15
57297675,Cindy Shannon,2018-05-02
13457890,Peter Shann Ford,2007-09-27
23782290,Leo Maguire footballer,2009-07-29
56103074,Eugene Hurley,2017-12-21
43557858,Liz Dennis,2014-08-14
43671997,Kitty Chiller,2014-08-27
556583,David Malin,2004-03-27
53571864,Mary Garson,2017-03-23
12776469,Andrew Pitman,2007-08-15
35307355,Margaret Stone judge,2012-04-03
17549344,Barry House,2008-05-21
4644409,Stan Evans,2006-04-06
625969,Warren Truss,2004-04-30
39730096,Geoffrey Nettle,2013-06-20
46405939,Michelle Gordon,2015-04-14
12237110,Tara Brabazon,2007-07-13
896426,Michael Clarke cricketer,2004-08-12
59788339,Adele Ferguson,2019-01-28
1544248,Alan Kohler,2005-02-25
47562340,Kathryn North,2015-08-18
55143699,Sharon Lewin,2017-09-05
59772234,Maria Kavallaris,2019-01-26
36320824,Helen Christensen,2012-07-04
47659543,Anita Jacoby,2015-08-29
3995579,Chris Mitchell journalist,2006-02-07
474865,Kevin Sheedy Australian footballer,2004-02-18
481805,Roy Emerson,2004-02-22
61910070,Raymond Holmes surveyor,2019-09-29
43900092,Hilton Clarke cyclist born 1944,2014-09-21
9627319,Mike Fitzpatrick footballer,2007-02-21
51988794,Mark Casey bowls,2016-10-13
761546,Gareth Evans politician,2004-06-28
46388227,Mark Fraser secretary,2015-04-12
33257330,Jean McLean politician,2011-09-30
6136768,Rhonda Galbally,2006-07-27
20554120,Lou Bennett musician,2008-12-05
12636554,Ian McLean,2007-08-06
2723094,Sophie Masson,2005-09-21
10160688,Warwick Smith politician,2007-03-20
2148705,Jennifer Rowe,2005-07-01
277690,Elena KatsChernin,2003-07-26
60867341,Banduk Marika,2019-05-26
47371939,Kathryn Campbell,2015-07-29
62767621,Lynne Williams,2020-01-07
1410398,Cornelia Frances,2005-01-19
16894,Kylie Minogue,2001-10-04
38296494,Stan Perron,2013-01-22
33922346,Ronni Kahn,2011-12-01
59791345,Pauline Gandel,2019-01-28
21066511,Patricia Forsythe,2009-01-13
57366774,Malcolm Broomhead,2018-05-08
63633561,Sandra Harding sociologist,2020-04-12
63733948,Luke Sayers,2020-04-22
4967186,Harold Luntz,2006-05-01
4068124,Lyndall Ryan,2006-02-14
63644121,Lynette Russell,2020-04-13
42942301,Christine Townend,2014-06-02
61092905,Judy Raper,2019-06-20
59403076,Frank Bongiorno,2018-12-15
61855757,Chrissie Foster,2019-09-22
18548917,Matthew Condon,2008-07-23
52920927,Ross Dunning,2017-01-19
11894813,Ross Dunne,2007-06-22
147429,Ian Thorpe,2002-11-15
8965230,Julie McCrossin,2007-01-17
62371649,Bronwyn King,2019-11-18
63313743,Pantjiti Unkari McKenzie,2020-03-08
47420004,Lynette Silver,2015-08-03
5857368,Robert Taylor Australian actor,2006-07-06
56962777,Caroline Finch,2018-03-28
14763717,David Thomson Australian National Party politician,2007-12-18
56443956,Janet McCalman,2018-01-29
53927769,Mickey Dewar,2017-05-01
61910613,Chloe Munro,2019-09-29
25505998,Dorothy Isaksen,2009-12-20
59640669,Michael Coper,2019-01-12
8198715,Patrick Daley,2006-11-30
258756,Evonne Goolagong Cawley,2003-07-03
457960,Heather McKay,2004-02-07
70740,Betty Cuthbert,2002-08-12
42375401,David Johnston admiral,2014-04-02
54210399,Mark Brewer army,2017-06-03
2114022,Belinda Clark,2005-06-25
21306890,Michael Turtur,2009-01-29
46295410,John Gaden,2015-04-02
20156852,John Siddons,2008-11-10
4215251,Gillian Rolton,2006-02-27
3188345,Ingrid Moses,2005-11-18
58767612,Ezio Rizzardo,2018-10-16
50219785,Michael Barber academic,2016-04-18
43548248,Jennifer L Martin,2014-08-13
10323939,Martin Banwell,2007-03-28
917290,Meg Lees,2004-08-21
46867323,Scott W Sloan,2015-06-01
56520119,Maree Teesson,2018-02-07
1021093,Liz Ellis,2004-09-27
1036386,Karrie Webb,2004-10-03
15930364,Mukesh Haikerwal,2008-02-24
25672060,Ted Pickering,2010-01-04
17557929,John Castrilli,2008-05-22
49479613,Anthony S Weiss,2016-02-19
7804853,David Andrew Sinclair,2006-11-06
409850,Shane Gould,2003-12-21
161248,Michele Timms,2002-12-24
10316743,Lucette Aldous,2007-03-28
36148001,Dennis Young Australian politician,2012-06-15
17848806,John Mildren,2008-06-09
60333557,Allan Fife,2019-03-26
10492095,Bruce Maslin,2007-04-06
27551152,Bernard Salt,2010-05-31
40953199,Archibald Park,2013-11-02
51163682,Ranjana Srivastava,2016-07-25
1604460,Peter Jones drummer,2005-03-14
43386927,Emma McKeon,2014-07-24
15907128,Kevin Bell judge,2008-02-23
36605100,John Hamilton Bowie,2012-08-01
30748679,Kim Brennan,2011-02-04
43033874,Stuart Mayer,2014-06-12
10863364,Peter Woolcott,2007-04-24
47212720,Dave McKee,2015-07-11
6255065,David McKee Wright,2006-08-04
58130411,Colin L Masters,2018-08-13
1523944,Rebecca Peters,2005-02-19
2722379,Larry Sitsky,2005-09-21
31039852,Andrew Stewart Coats,2011-02-28
62609036,Susan Wakil,2019-12-18
564161,Mark Webber,2004-03-30
50545389,Richard Harvey scientist,2016-05-15
6427210,Phil Kearns,2006-08-13
1484348,Robbie McEwen,2005-02-09
61930576,Rosemary Craddock,2019-10-01
50272406,Max Lu,2016-04-22
10640278,Melinda GainsfordTaylor,2007-04-13
565985,Joanna Gash,2004-03-31
60803118,Carol Liston,2019-05-19
3863812,Greg Craven academic,2006-01-27
29644896,Jane den Hollander,2010-11-18
45063065,Helen Durham,2015-01-15
3758957,Ahmed Fahour,2006-01-18
9624799,Mick Fanning,2007-02-21
43292,Paul Kelly Australian musician,2001-10-04
33805302,Ken Lay police officer,2011-11-20
13371310,Bob Ellicott,2007-09-21
519437,Julia Gillard,2004-03-11
36802569,Andrew Bruce Holmes,2012-08-22
31778393,Martin Parkinson,2011-05-15
44352518,Kate Warner,2014-11-09
57723915,MaryAnn BinSallik,2018-06-20
2008004,John Brumby,2005-06-08
87536,Nick Cave,2002-09-19
52989395,Keryn Williams,2017-01-26
2771190,Charles Wade,2005-09-26
47430128,Madison Wilson,2015-08-04
13940236,John Williams New South Wales state politician,2007-10-27
47249464,Tiffany Thomas Kane,2015-07-15
16319052,Robert Cook Australian politician,2008-03-15
25625706,John Crook politician,2009-12-31
3835137,Lou Lieberman,2006-01-25
17806905,Neville Graeme Marchant,2008-06-06
17915,Lleyton Hewitt,2001-05-14
9256979,Lisa Wilkinson,2007-02-01
13047506,Joseph Tawadros,2007-09-01
21400153,Warren Pitt,2009-02-04
49222401,Robert Stanley Pontifex,2016-01-25
25635214,Geoffrey Simpson,2009-12-31
27215798,Barry Wilde,2010-05-04
12571206,Geoff Williams footballer,2007-08-01
3665672,Andrew Vlahov,2006-01-09
41105410,Fred Johnson Australian footballer,2013-11-17
25504547,David Goodall botanist,2009-12-20
28506870,Geoff Lyons,2010-08-24
5540466,Nick Garratt,2006-06-13
30862730,Tracey Moffatt,2005-07-25
583547,Brendan Nelson,2004-04-08
44314738,Susan H Spence,2014-11-06
58989932,Susan Stocklmayer,2018-11-07
3025241,Henry Ergas,2005-10-29
35360943,Patricia VickersRich,2012-04-07
48911249,Chennupati Jagadish,2015-12-25
221421,Rod Laver,2003-05-04
43183013,Allan Myers,2014-06-30
49217766,Maria Myers,2016-01-25
1926291,John Pascoe,2005-05-22
335453,Mike Rann,2003-10-06
43649194,Michael Andrew management consultant,2014-08-24
43537925,Elizabeth Broderick,2014-08-12
1179445,Geraldine Brooks writer,2004-11-17
30594478,David Walsh art collector,2011-01-23
31030234,Richard Ackland,2011-02-28
43233346,David Evans Victorian politician,2014-07-07
6948556,Joseph Forshaw,2006-09-11
4580430,Jackie French,2006-03-31
3440826,Michael Aird,2005-12-16
4781890,Patsy Biscoe,2006-04-17
60723777,Heather Reid sports administrator,2019-05-10
34162428,Betty Kitchener,2011-12-23
2806146,Craig Knowles,2005-10-01
54398357,Bob Lay,2017-06-26
18071558,Stephen Loosley,2008-06-22
40772977,Daniel McDaniel,2013-10-12
25672592,Ann Symonds,2010-01-04
38363101,Stuart Smith general,2013-01-29
23534175,Adrian Pagan,2009-07-08
36258114,Brendan Crabb,2012-06-26
56725893,Janice Reid,2018-03-02
1638687,Layne Beachley,2005-03-23
19451379,Stephen Brady,2008-09-24
47425776,Milton Hearn,2015-08-04
40331024,Martin Holzberger,2013-08-23
54350648,John Croucher,2017-06-20
54346671,Rosalind Croucher,2017-06-20
35751307,Deborah De Williams,2012-05-08
58339495,Yvonne Hill,2018-08-30
4001317,Charlie King sports broadcaster,2006-02-08
15022389,Diana Warnock,2008-01-03
18531021,Rachael Sporn,2008-07-21
1753448,Angus Houston,2005-04-17
30862299,Jacki Weaver,2005-07-21
16739933,John Bryson author,2008-04-03
36348082,Carol Cooke,2012-07-06
1131264,Robert de Castella,2004-11-04
2836753,Michael Egan Australian politician,2005-10-05
26950693,Richard Johnson architect,2010-04-14
31483947,Peter Muller architect,2011-04-13
49056599,Bob Oatley,2016-01-10
20642273,Rosemary Owens,2008-10-30
29418379,Dawn Lawrie,2010-10-31
43555446,Ruth Fincher,2014-08-14
19215704,Kieran Modra,2008-09-07
42378454,Ian Campbell public servant,2014-04-02
23543257,Ed Byrne neuroscientist,2009-07-09
10406693,Brenton Broadstock,2007-04-01
171515,Geoffrey Rush,2003-01-20
8964920,Rob Moodie doctor,2007-01-17
27241185,Alicia Coutts,2010-05-05
18442258,Cate Campbell,2008-07-15
20130544,Adrian Gibson,2008-11-09
33276438,Nazim Erdem,2011-10-02
3632400,Peter Doak,2006-01-06
60748713,Lucinda Dunn,2019-05-13
36382398,Brittany Elmslie,2012-07-10
8066857,Bernard Smith art historian,2006-11-22
5166308,Bill Stefaniak,2006-05-16
33028897,Liesl Tesch,2011-09-09
19502902,Patrick Thomas conductor,2008-09-28
43023965,Margaret Rodgers deaconess,2014-06-11
13722422,Albert Green Australian politician,2007-10-14
36348080,Stephanie Morton,2012-07-06
12637967,Noel Maughan,2007-08-06
36348258,Cody Meakin,2012-07-06
33308644,Ryan Scott wheelchair rugby,2011-10-05
9405102,Sally Pearson,2007-02-09
36347978,Todd Hodgetts,2012-07-06
43558995,Ruth Milne Hall,2014-08-14
28989841,Yolane Kukla,2010-09-29
33300733,Prue Watt,2011-10-04
56807609,David Wells admiral,2018-03-11
5601650,Michael White psychotherapist,2006-06-17
12262297,Tom Stephens,2007-07-15
28244349,Bill Wood politician,2010-08-03
46498488,Alan Clough,2015-04-23
24444335,Donald Cameron Tasmanian politician,2009-09-23
11949515,Michael Hintze,2007-06-25
47744787,Jack Cross footballer,2015-09-07
2837871,Neil Perry,2005-10-05
44304354,Abdullah Saeed professor,2014-11-05
3655345,Steven Schwartz psychologist,2006-01-08
1624939,Jane LomaxSmith,2005-03-20
3376503,David Parkin,2005-12-10
50128310,Paul Guest rower,2016-04-11
33381800,Ted Hamilton,2011-10-12
3281653,David Graham golfer,2005-11-30
45222278,Joseph Fleming politician,2015-01-26
15586848,Peter Goers,2008-02-04
10992204,James Goldrick,2007-04-30
40734480,Margaret White judge,2013-10-07
62563071,Jillian Gallagher,2019-12-12
22799621,Bonita Mabo,2009-05-14
60673621,Natalie Miller,2019-05-06
41345485,Marilyn Renfree,2013-12-12
6231333,Brian Schmidt,2006-08-02
17685670,James Allsop,2008-05-30
54754370,Janet Thomas,2017-08-04
17599866,Greg James judge,2004-12-03
40131746,Rod Boswell,2013-08-01
37466758,Michele Bruniges,2012-10-27
1398330,Russell Cooper,2005-01-15
58236178,Eugenie Lumbers,2018-08-23
22868263,Mandyam Veerambudi Srinivasan,2009-05-20
42991555,Rhonda Sharp,2014-06-07
14779244,Peter McPhee academic,2007-12-19
39017253,David Russell barrister,2013-04-05
1886621,Stirling Mortlock,2005-05-14
11447647,Maggie Beer,2007-05-27
462001,Ricky Ponting,2004-02-09
44284700,David James Skellern,2014-11-03
57406174,Rosemary Balmford,2018-05-13
60288528,Alan Bartholomai,2019-03-21
55930246,Robyn Layton,2017-11-30
17685749,Virginia Bell,2008-05-30
3450759,Diana Bryant,2005-12-17
28773433,Kerry Hill,2010-09-10
37157245,Richard Menhinick,2012-09-29
49086130,Thomas Payne Australian politician,2016-01-13
21232140,Helen ShamHo,2009-01-24
2779278,Gus Mercurio,2005-09-27
13922182,Peter Morris politician,2007-10-26
39807783,Oscar Whitbread,2013-06-29
12276511,Peter Somerville,2007-07-16
2771935,Alexander Stuart Australian politician,2005-09-26
18914558,Sabina Wolanski,2008-08-18
2566470,Torah Bright,2005-08-29
5007758,Jeff Hook,2006-05-04
4864744,Neil Hamilton Fairley,2006-04-23
3557865,Steve Glasson,2005-12-29
54821149,Barbara York Main,2017-08-09
33322879,William Pickering Australian politician,2011-10-06
6951122,Elisabeth Cummings,2006-09-11
1069097,Michael Keenan politician,2004-10-15
3320219,Roger Smalley,2005-12-04
11586722,Charlie Teo,2007-06-04
51893553,Gerard Vaughan art historian,2016-10-07
22233073,Noel Whittaker,2009-04-01
5204825,Elizabeth Cosson,2006-05-19
19728670,Auriel Andrew,2008-10-11
61693125,Jill Slay,2019-09-04
30635844,Elke Neidhardt,2011-01-26
6609205,Penelope Diane Olsen,2006-08-22
28139149,John Parkes,2010-07-24
389497,Peter Costello,2003-12-05
18310386,Penelope Wensley,2008-07-06
30674692,Peter Coaldrake,2011-01-29
33258392,Anne Levy,2011-09-30
39859058,Tony McMichael,2013-07-04
12996482,Margaret Thorsborne,2007-08-29
3976474,Graham Gunn,2006-02-06
7580962,Mark Loane,2006-10-23
2835901,Bille Brown,2005-10-05
47755390,Jim Collins Australian footballer,2015-09-08
6865401,Richard Tognetti,2006-09-06
559132,Bruce Baird,2004-03-28
989870,Elizabeth Blackburn,2004-09-16
18641710,Robert French,2008-07-30
16442028,David Hurley,2008-03-20
1398314,Ray Groom,2005-01-15
41603467,Jeff Harmer,2014-01-10
61581924,Wendy Hoy,2019-08-22
10721459,Byron Barnard Lamont,2007-04-17
2413285,Peter Goldsworthy,2005-08-09
18564872,George Cash,2008-07-24
46263389,Max Coltheart,2015-03-30
26230372,Annette Dobson,2010-02-17
2699642,Patricia Giles,2005-09-18
34345694,Edward William Davies,2012-01-11
25285156,Kelvin Kerkow,2009-12-03
15636952,Bruce Thom,2008-02-07
23000918,Fred Watson,2009-05-29
1119894,Reg Watson,2004-10-31
63521115,Djambawa Marawili,2020-03-30
41239190,Robyn Walker,2013-12-01
14697520,Andrew Nikolic,2007-12-14
42225315,Mark Skidmore,2014-03-17
21803136,Betty R Moore,2009-03-04
59661340,Talal Yassine,2019-01-14
41472450,Greg Crafter,2013-12-27
39635270,Richard Divall,2013-05-30
30192287,Wayne Bartholomew,2010-12-26
17289450,Richard Wilson general,2008-05-06
8783265,Ronald Sackville,2007-01-06
3053768,David Morgan businessman,2005-11-01
43555586,Pauline Ladiges,2014-08-14
8101364,Ray Borner,2006-11-24
18856545,Angie Bainbridge,2008-08-14
961884,George Campbell Australian politician,2004-09-06
63910514,Louise Burke,2020-05-10
36643389,Julianne Schultz,2012-08-06
9659677,John Price New South Wales politician,2007-02-23
37124215,Margaret Staib,2012-09-26
49222401,Robert Stanley Pontifex,2016-01-25
33029374,Brett Stibners,2011-09-09
4430600,Emma Snowsill,2006-03-18
16844751,Emily Seebohm,2007-03-31
19533759,Wendy Whiteley,2008-09-30
4247499,Tarnee White,2006-03-02
18709588,Nathan Wilmot,2008-08-04
1851509,Mark Schwarzer,2005-05-07
16925632,Felicity Galvez,2008-04-14
18723433,Duncan Free,2008-08-05
18856567,Lara Davenport,2008-08-14
18889857,David Crawshay,2008-08-16
60582188,Jean Elsie Ferguson,2019-04-25
5504373,Matthew Dunn,2006-06-10
23281529,Adrian Leo Doyle,2009-06-19
61320285,Bill Casimaty,2019-07-20
47583132,Deb Cox,2015-08-21
15499291,John Halbert,2008-01-30
21660544,Tony McGrady,2009-02-22
1748709,Tim Horan,2005-04-16
488172,Marcia Hines,2004-02-25
58175085,Marilyn Darling,2018-08-17
322538,Kim Beazley,2003-09-20
16307240,Kylie Palmer,2008-03-15
18723773,Melanie Schlanger,2008-08-05
18723793,Shayne Reese,2008-08-05
33306641,Katrina Porter,2011-10-04
22227783,Rebel PenfoldRussell,2009-03-31
33300667,Rick Pendleton,2011-10-04
4426495,Stephanie Rice,2006-03-17
17224352,Linda Mackenzie,2008-05-02
61357890,Lesley Campbell,2019-07-25
54269801,John Bennison,2017-06-10
41691569,Mark Sullivan public servant,2014-01-20
15833166,Mike Hindmarsh,2008-02-18
22153705,Louise Adler,2009-03-26
23699093,Mike Archer paleontologist,2009-07-22
423488,Glenn McGrath,2004-01-07
11419613,Tony Vinson,2007-05-25
31057164,John Harvey RAAF officer,2011-03-02
61672098,Les Abbott rugby league,2019-09-03
38360972,Paul Grundy engineer,2013-01-29
14609777,John Carrick Australian politician,2007-12-08
2712181,Susan Crennan,2005-09-20
2212294,Lindsay Fox,2005-07-11
16564,Jack Brabham,2002-01-15
875160,Dean Brown,2004-08-03
11892999,David Moore photographer,2007-06-22
20776848,Bob Shirlaw,2008-12-20
43968822,Suzanne Rutland,2014-09-28
23078305,Alexander Floyd,2009-06-03
47412599,Tibor Gonczol,2015-08-02
49505811,Elizabeth Little tennis,2016-02-21
33259065,Eric Kent,2011-09-30
4877736,William Holmes Australian general,2006-04-24
52633943,David Kemp Australian scientist,2016-12-19
46665870,Kenrick Tucker,2015-05-10
17569879,Alasdair Webster,2008-05-23
8726998,Marcel Weyland,2007-01-02
2912485,Alisa Camplin,2005-10-15
36096731,William Foster Australian politician,2012-06-10
63387625,David Dridan,2020-03-16
19625232,Ian R Johnston,2008-10-05
26408181,Ian Knop,2010-03-03
2171316,Robert Ingpen,2005-07-05
29417210,Fred Finch,2010-10-31
53751545,Denise Green,2017-04-11
43558012,Michelle Haber,2014-08-14
63115327,Len Eacott,2020-02-15
38974191,Paul Pholeros,2013-03-31
14464207,Neil Robson politician,2007-11-28
35796518,Les Perry,2012-05-12
3342463,Zali Steggall,2005-12-06
45522223,John Reddish soldier,2015-02-27
36022634,Joy Hruby,2012-06-03
19599997,Harry Hunter,2008-10-04
13617302,John McCarthy Australian rules footballer born 1967,2007-10-07
20616715,Dennis Green canoeist,2008-12-09
44138461,Kevin Hamilton politician,2014-10-17
27896879,Stan Marks,2010-06-30
13882095,Ken Henry public servant,2007-10-23
397110,Barry Marshall,2003-12-11
9468403,Bridget Ogilvie,2007-02-12
14942128,Peter Shergold,2007-12-30
1012234,Robin Warren,2004-09-23
875140,John Bannon,2004-08-03
3413362,Peter Cundall,2005-12-14
244345,Margaret Court,2003-06-12
4771518,Margaret Court Arena,2006-04-16
49258252,Maurice de Rohan,2016-01-29
9085901,David Murray Australian businessman,2007-01-24
875168,John Olsen,2004-08-03
1512683,Bob Simpson cricketer,2005-02-16
59119873,Doreen Akkerman,2018-11-21
3469781,Gavin Brown academic,2005-12-19
559446,Janice Crosio,2004-03-28
50500682,Mike Barnett politician,2016-05-10
51193031,Val Jeffery,2016-07-29
14508426,Trevor Johnson footballer,2007-12-01
81234,John Kerr governorgeneral,2002-09-06
63289630,Bev Harrell,2020-03-05
26876543,Jill Hellyer,2010-04-08
17282153,Anne Davies Australian journalist,2008-05-05
6151045,Mike Williamson broadcaster,2006-07-28
12951985,Arthur Marshall Australian politician,2007-08-26
36244715,Peter Montgomery water polo,2012-06-25
4091755,Doris Pilkington Garimara,2006-02-16
2201690,Mervyn Rose,2005-07-09
3905409,Amin Saikal,2006-01-31
12735074,George Hampel judge,2007-08-12
4246412,Neville Jeffress,2006-03-02
8171151,Ian Lacey,2006-11-28
4215365,Michael Wenden,2006-02-27
25277858,Lyn Swinburne,2009-12-02
49120066,Peter Toogood,2016-01-16
3950112,Lisa Gasteen,2006-02-03
10905676,Robert Jacks,2007-04-26
2033144,Frank Cameron Jackson,2005-06-12
595666,Con Sciacca,2004-04-14
38699497,James Strong Australian businessman,2013-03-03
21504,Nicole Kidman,2001-09-11
19186901,Harry Messel,2008-09-05
698205,Kerry Stokes,2004-06-02
1998989,Ken Michael,2005-06-06
2722377,Alan Hopgood,2005-09-21
17314337,Harry Edwards politician,2008-05-07
10176995,Warwick Parer,2007-03-21
25395589,Joan Sheldon,2009-12-11
55898721,Margaret Nyland,2017-11-27
44006938,Antony Kidman,2014-10-02
5901300,Henry Simpson Newland,2006-07-10
41836940,Ken Matthews public servant,2014-02-04
2201724,Fred Stolle,2005-07-09
57999494,Jean Calder,2018-07-26
13397006,Enid Campbell,2007-09-23
401146,Tim Fischer,2003-12-14
63591,Jeff Kennett,2002-07-23
33538067,Michael Alpers,2011-10-26
34792428,Bryan Beaumont,2012-02-18
6869432,Derek Denton,2006-09-06
48245045,Keith White footballer,2015-10-16
62446350,Keith Whitehead,2019-11-27
901543,Petria Thomas,2004-08-15
33300811,Chantel Wolfenden,2011-10-04
22893881,Stephen Wooldridge,2009-05-21
5571566,Wendy Richardson,2006-06-15
9034876,George Petersen,2007-01-21
921917,Giaan Rooney,2004-08-23
3604270,Sarah Ryan,2006-01-03
2517262,Jessicah Schipper,2005-08-23
15340887,Peter Dawson cyclist,2008-01-21
4470315,Matt Cowdrey,2006-03-21
58112589,Robert Duncan rower,2018-08-10
19122823,Salvatore Coco,2008-08-31
4432046,Ben Austin,2006-03-18
151606,Mark Waugh,2002-11-25
20574225,Roy Cameron,2008-12-06
1875312,Graeme Brown,2005-05-12
33257469,Clive Bubb,2011-09-30
33299301,Janelle Lindsay,2011-10-04
1870231,Brett Lancaster,2005-05-11
901542,Libby Trickett,2004-08-15
29495430,John Leo McNamara,2010-11-06
901540,Alice Tait,2004-08-15
1085975,Brooke Hanson,2004-10-20
49366743,Hugh Gilchrist,2016-02-08
937355,Leisel Jones,2004-08-28
33299116,Lindy Hou,2011-10-04
31579525,Maurice Hurst architect,2011-04-24
63882845,Gwen Harden,2020-05-07
14684637,Harry Michaels,2007-12-13
4167427,Shane Kelly,2006-02-23
29600949,Bob McCarron,2010-11-15
33298109,Judith Green swimmer,2011-10-04
459533,John Moore Australian politician,2004-02-07
40604736,Ann Caroline Sherry,2013-09-23
64221439,Betty Taylor community advocate,2020-06-09
1236092,Ian Temby,2004-12-03
58127707,Robert Williamson physician,2018-08-12
1898436,Jimmy Little,2005-05-17
20720107,Gordon Briscoe,2008-12-16
25674140,Rodney Cavalier,2010-01-04
2170203,Jan Chapman,2005-07-04
8713355,Bob Collins politician,2007-01-02
10028448,Beatrice Faust,2007-03-13
47326751,Victor Warren Fazio,2015-07-24
1975442,Michelle Grattan,2005-06-02
2166106,Ros Kelly,2005-07-04
48794391,Nina Bassat,2015-12-11
660358,Ian Macfarlane economist,2004-05-17
4937768,John Hay academic,2006-04-29
2912259,Graeme Clark doctor,2005-10-15
2293101,Roger Climpson,2005-07-23
26562443,Christopher Green author,2010-03-15
18726540,Edward Duyker,2008-08-05
59578469,Philip Dulhunty,2019-01-05
3243835,James Jupp,2005-11-26
15293973,Tony Messner,2008-01-18
17138540,Julie Hammer,2008-04-27
17095884,John Quaife,2008-04-24
3550416,Simone Young,2005-12-28
35009342,Alfred van der Poorten,2012-03-08
2926275,Frank Walsh,2005-10-17
41037756,Frank Walshe,2013-11-10
17158509,Nigel Coates admiral,2008-04-28
43557764,Pamela Russell,2014-08-14
40396058,Jan Senbergs,2013-08-30
1200496,Kathy Sullivan Australian politician,2004-11-23
17999581,Jack Bennett footballer born 1920,2008-06-18
1075923,Andrew Evans pastor,2004-10-17
78710,Jack Lang Australian politician,2002-08-31
2255882,Betty Wilson,2005-07-18
64350037,Christopher James Baker,2020-06-22
14518901,Eileen Kampakuta Brown,2007-12-02
59927887,Michael Burrows artist,2019-02-12
23726890,Lana Cantrell,2009-07-24
41441079,John Schaeffer art collector,2013-12-23
49674623,Evelyn Scott activist,2016-03-08
87018,Mark Taylor cricketer,2002-09-17
3862483,Mick Dodson,2006-01-27
18172659,Franz Kempf,2008-06-28
33230418,James Lawson Australian doctor,2011-09-27
33256269,Wellington Lee,2011-09-30
48760893,Bob Merriman,2015-12-08
45464090,Frank Murphy public servant,2015-02-21
61110282,Max Kay,2019-06-23
48493127,Charles Francis politician,2015-11-08
7669420,Padraic McGuinness,2006-10-28
63489786,Jeffrey Heath Australian disability advocate,2020-03-27
16288468,Chris Heyde,2008-03-14
2244590,Charles Angas Hurst,2005-07-16
2041515,Garry McDonald,2005-06-14
12396858,Bob Day,2007-07-23
14479389,Gary Gray politician,2007-11-29
10384436,Keith Mason judge,2007-03-31
45384437,George Roberts aircraft engineer,2015-02-12
25497976,Joe Schipp,2009-12-20
20642273,Rosemary Owens,2008-10-30
7006104,Michael Blakemore,2006-09-15
45362873,George Paxinos,2015-02-10
49971730,Rosemary Edna Sinclair,2016-03-28
52920927,Ross Dunning,2017-01-19
1398285,John Fahey politician,2005-01-15
1892827,Gordon Moyes,2005-05-16
9869786,Maurice Newman,2007-03-05
29497458,Carlo Salteri,2010-11-06
57267133,Joe Baker marine scientist,2018-04-29
2855588,Ron Tauranac,2005-10-07
6093021,David Warren inventor,2006-07-24
1586411,David Campese,2005-03-09
47495688,Ron Christie rail administrator,2015-08-11
283234,Andrew Gaze,2003-07-29
59083740,Keith Heritage,2018-11-17
5742507,Rex Henry Morgan,2006-06-28
48744897,Ian Maddocks,2015-12-06
44354411,Julie Warn,2014-11-10
8641089,Percy White,2006-12-28
46673346,Kevin Smith footballer born 1942,2015-05-11
40788473,Henry Nissen,2013-10-14
6255722,Henri Szeps,2006-08-04
399761,John Hewson,2003-12-13
5491058,Jeffrey Lucy,2006-06-09
19416758,Peter Derham,2008-09-21
18588932,Brendan Hansen politician,2008-07-26
57217792,Jean BrodieHall,2018-04-24
38563020,Elery HamiltonSmith,2013-02-18
27237982,Myer Rosenblum,2010-05-05
6572241,Clive Minton,2006-08-20
5070389,Bill Kirby,2006-05-09
19265234,Heath Francis,2008-09-10
33236912,Greg Smith Paralympian,2011-09-28
33276617,Tania Modra,2011-10-02
18272157,Siobhan Paton,2008-07-03
33276796,Noel Robins,2011-10-02
63088971,Noel Robinson writer,2020-02-12
33235349,Adrian Grogan,2011-09-28
3261615,Danielle Woodhouse,2005-11-28
914909,Natalie Cook,2004-08-20
2466677,Kerri Pottharst,2005-08-16
33276912,Paul Barnett swimmer,2011-10-02
33276576,Mark le Flohic,2011-10-02
33122565,Rebecca Feldman,2011-09-18
33237147,Matthew Gray cyclist,2011-09-28
33276342,Daniel Polson,2011-10-02
33237195,Darren Harry,2011-09-28
22661863,Brett Aitken,2009-05-03
21537157,Lisa McIntosh,2009-02-14
1053605,Michael Klim,2004-10-10
3001017,Daniel Kowalski,2005-10-26
1213243,Todd Pearson,2004-11-26
13938842,Charles Batt,2007-10-27
58496197,Donald Frederick Blaxell,2018-09-16
30879577,Ian George,2011-02-15
33298058,Patrick Donachie,2011-10-04
5504618,Chris Fydler,2006-06-10
918064,Grant Hackett,2004-08-21
5535560,Adam Pine,2006-06-12
66002,Cathy Freeman,2002-07-30
4235688,Ashley Callus,2006-03-01
1848923,John Downer,2005-05-06
62152257,John Laurence Lambert,2019-10-24
11111718,Athol Moffitt,2007-05-08
56412449,Robert Evelyn Porter,2018-01-26
60673621,Natalie Miller,2019-05-06
5404727,Ian Johnston doctor,2006-06-03
42252822,Heini Becker,2014-03-20
51678907,Peter Jones Australian politician,2016-09-20
33258707,Chris Sumner,2011-09-30
64261561,John Horvath,2020-06-13
9081638,Max MooreWilton,2007-01-24
11478371,Clem Christesen,2007-05-29
20130988,Bruce Goodluck,2008-11-09
10748409,Ben Humphreys,2007-04-18
1413720,Allan Langer,2005-01-20
64532817,Joan Brassil,2020-07-12
58141944,Berry Durston,2018-08-14
6531402,John Kundereri Moriarty,2006-08-18
4438594,Ray Parkin,2006-03-19
7869523,Les Scheinflug,2006-11-10
1278523,Peter Moore travel author,2004-12-14
15766979,Donnie Sutherland,2008-02-15
5504306,Phil Rogers,2006-06-10
17944518,John Harrower,2008-06-14
11464075,Frank Farina,2005-06-29
11844686,Danielle McGrath,2007-06-19
17569214,Michael Maher Australian politician,2008-05-23
2702583,Tom Lewis Australian politician,2005-09-18
438488,Jack Mundey,2004-01-22
31583867,David Hunt judge,2011-04-24
2389015,Bruce Gyngell,2005-08-06
10364292,Bill Crews minister,2007-03-30
56960077,Maria SkyllasKazacos,2018-03-27
43513286,Edmund Collins,2014-08-09
10253412,Ronald Harvey administrator,2007-03-25
42477798,Malcolm McIntosh,2014-04-13
33560980,Bruce William Stillman,2011-10-28
49972632,Diana Temple,2016-03-28
6730798,Jiro Kikkawa,2006-08-28
1693061,John Eales,2005-04-04
10029360,Trevor Flugge,2007-03-13
11794283,John McCarthy Australian diplomat,2004-08-02
47175558,Sol Bellear,2015-07-07
57277850,David Tudehope,2018-04-30
10554156,Suzanne Cory,2007-04-09
28190346,Suzanne Cory High School,2010-07-29
7676723,Paul Rigby,2006-10-29
38294190,Christopher Roper legal educator,2013-01-22
47730080,John Moule politician,2015-09-05
57599526,John Lord admiral,2018-06-05
18855899,Jack Butcher,2008-08-14
49126230,William Dunn South Australian politician,2016-01-17
6841019,Ben Cropp,2006-09-04
26334358,Kim Westwood,2010-02-25
36434194,William James Browne,2012-07-15
42543240,Kaarene Fitzgerald,2014-04-21
20082715,John Hatton politician,2008-11-05
24706892,Leo Williams rugby union,2009-10-15
13323356,Sir Rupert Clarke 3rd Baronet,2007-09-18
19465203,Frank Ford theatre personality,2008-09-25
34816108,John Millett poet,2012-02-20
61312902,Philip Bacon,2019-07-19
48388629,Harold Burnell Carter,2015-10-27
48609625,Joan Maie Freeman,2015-11-21
4962949,Richard Mills composer,2006-05-01
523629,Robert May Baron May of Oxford,2004-03-13
5904162,Michael Noonan Australian writer,2006-07-10
26972460,Geoffrey Edwin Summerhayes,2010-04-16
2583449,Stuart Wagstaff,2005-08-31
2686857,Nora Heysen,2005-09-16
13014912,Martin WesleySmith,2007-08-30
5743845,Fred Hilmer,2006-06-28
321623,Slim Dusty,2003-09-19
37747829,James Wright doctor,2012-11-26
2859841,Bruce Cowan,2005-10-08
5859170,Jennifer Cashmore,2006-07-06
52140398,John Ravenhall,2016-10-30
51419352,MiriamRose UngunmerrBaumann,2016-08-25
22512879,John Prior musician,2009-04-21
44647869,William Wright Australian bishop,2014-12-09
8885863,Stanislawa Dabrowski,2007-01-12
37030220,Paul Couvret,2012-09-16
40100020,Ken Lowrie,2013-07-29
43180497,Max Leroy Davis,2014-06-30
60380362,Rolf Prince,2019-03-31
43211093,Norman Rothfield,2014-07-04
17336355,Michael Black judge,2008-05-09
55226828,Peter Hamilton Bailey,2017-09-13
17685740,Murray Tobias,2008-05-30
28017301,Alf Howard,2010-07-12
19638866,John Harber Phillips,2008-10-06
2304214,Kenneth Wiltshire,2005-07-25
8307691,Bob Francis radio presenter,2006-12-07
37225314,H Rodney Withers,2012-10-05
53648807,Mick Palmer police commissioner,2017-03-31
30681068,Timothy McLaren,2011-01-29
3413576,John R Philip,2005-12-14
12129756,Danni Roche,2007-07-07
15678257,Russell Mark,2008-02-10
33031470,Richard Oliver Paralympian,2011-09-09
15618532,Megan Marcks,2008-02-06
11624831,Kate Slatter,2007-06-06
906944,Drew Ginn,2004-08-17
7421199,Alyson Annan,2006-10-13
33236486,Tim Matthews athlete,2011-09-28
33246851,David Evans athlete,2011-09-29
1918850,Mark Woodforde,2005-05-21
9356976,Melissa Carlton,2007-02-07
60773953,Peter Parrott,2019-05-15
12744393,Ron Hovey,2007-08-13
19265214,Christopher Scott cyclist,2008-09-10
33031386,Troy Andrews basketball,2011-09-09
2968324,Michael Diamond sport shooter,2005-10-22
18903397,Kingsley Bugarin,2008-08-17
33247089,Kerry Golding,2011-09-29
33031376,Orfeo Cecconato,2011-09-09
1862185,Ian Craig,2005-05-09
33031364,Timothy Maloney,2011-09-09
33029351,Troy Sachs,2011-09-09
12129824,Michelle Andrews,2007-07-07
36773499,Julie Nykiel,2012-08-20
40554526,Barbara Worley,2013-09-17
49040180,Eric Richardson Australian footballer,2016-01-08
5993900,David Theile,2006-07-17
39332825,Roger Goldsworthy politician,2013-05-08
7931625,Fred Chaney,2006-11-14
15033996,Kerry Sibraa,2008-01-04
15443304,Charlotte Anderson,2008-01-27
36165993,Bob Bottom,2012-06-17
1157592,Peter C Doherty,2004-11-11
2744235,Bill Ludwig,2005-09-24
1267117,William Gummow,2004-12-11
40590078,Udo Sellbach,2013-09-21
14506216,Milan Hudecek,2007-12-01
12034440,Jack Hyett,2007-07-01
40099016,Harry C Giese,2013-07-29
40173441,George Deas Brown,2013-08-07
58466787,Albert Ullin,2018-09-12
31440934,Liz Mullinar,2011-04-08
60839457,Frankie Davidson,2019-05-23
21066336,Paul Fitzgerald painter,2009-01-13
23923355,Richard Letts,2009-08-09
43235895,Evan Walker politician,2014-07-07
4467911,Moya Henderson,2006-03-21
63313997,Madonna Staunton,2020-03-08
34449550,Ken Scarlett,2012-01-21
54089890,Joyce Stevens,2017-05-20
7887640,Dale Spender,2006-11-11
21457189,Roger Powell general,2009-02-09
14370714,Joan Paton,2007-11-23
13061341,Mal Logan,2007-09-02
1800165,Anne Boyd,2005-04-26
610851,Tim Burstall,2004-04-21
8824362,Bruce Eastick,2007-01-08
41996189,Michael Keating public servant,2014-02-20
1479837,Ian Rogers chess player,2005-02-08
5163450,Paul Wade,2006-05-16
41177092,Harry Thompson Australian footballer,2013-11-24
33310139,Michael Norton skier,2011-10-05
42270560,Don Hopgood,2014-03-21
5188713,Catherine Hamlin,2006-05-18
1437921,Carl Wood,2005-01-27
63341172,Stewart Cockburn,2020-03-10
4084083,Yoram Gross,2006-02-15
15617908,Joe Riordan,2008-02-06
583511,Frank Mossfield,2004-04-08
42272926,Robert Richardson RAAF officer,2014-03-22
1144231,Ian Kiernan,2004-11-08
5125275,Jim Brown New South Wales politician,2006-05-13
44416092,Mollie Gillen,2014-11-16
41186007,Jack Roberts footballer born 1867,2013-11-25
14083612,Irene Moss,2007-11-05
50975921,Concetta Benn,2016-07-02
3663575,Christopher Koch,2006-01-09
26902239,John Curro,2010-04-10
33416453,Elizabeth Cameron Dalman,2011-10-15
17111515,Raymond Boultwood Ewers,2008-04-25
42097898,Max Germaine,2014-03-03
4578995,Lex Marinos,2006-03-31
43763952,Mervyn Ashmore Smith,2014-09-07
63786196,Marian Sawer,2020-04-27
2440849,Eva Burrows,2005-08-12
36105701,Douglas Vincent Australian Army officer,2012-06-11
1647071,Kamahl,2005-03-25
77324,John Brown servant,2002-08-29
51322132,Tom Cole stockman,2016-08-14
362052,John Sanderson,2003-11-10
237006,Guy Green judge,2003-05-30
38478065,Elliott Johnston,2013-02-10
44010672,Doone Kennedy,2014-10-03
1220268,Thomas Reeves VC,2004-11-28
57279130,Susan Pond,2018-04-30
2807433,Harry Holgate,2005-10-01
18674590,Bill Grayden,2008-08-01
29783195,Kevin Cullen doctor,2010-11-28
44314476,Lorraine Dennerstein,2014-11-06
4873247,Norm Foster politician,2006-04-24
55382949,Warwick Forbes,2017-09-29
354272,Mark Richards surfer,2003-11-01
13723038,Jim Peacock,2007-10-14
2481372,Norman Tindale,2005-08-18
2682414,Susie Maroney,2005-09-15
1758259,Dorothy Hill,2005-04-18
59190719,Dorothy Hill Medal,2018-11-29
43562650,Shirley Jeffrey,2014-08-14
19679172,Ray Whitrod,2008-10-08
21396852,Stephen Hawkins,2009-02-04
18469995,Clint Robinson canoeist,2008-07-17
211208,Kieren Perkins,2003-04-16
34200952,Noel Hush,2011-12-27
46754276,Jim Furner,2015-05-20
7407154,Sam Lipski,2006-10-12
61793130,Robin Hughes filmmaker,2019-09-16
1517607,James Gobbo,2005-02-17
8767513,Bob Cotton,2007-01-05
2108195,David Malet Armstrong,2005-06-24
6068039,Leonie Kramer,2006-07-22
6432436,Kevin Ryan rugby,2006-07-27
50296444,Max Hooper,2016-04-24
56332386,Heather Innes,2018-01-17
1793121,Ted Egan,2005-04-25
31398406,Patricia Brennan,2011-04-05
29112943,Peter Fritz,2010-10-08
35143115,June DallyWatkins,2012-03-19
737673,David Tonkin,2004-06-20
13507228,George Ivan Smith,2007-09-30
2458926,Barry Tuckwell,2005-08-15
10026441,George Dreyfus,2007-03-13
2205045,John Williamson singer,2005-07-10
19968502,Jill Perryman,2008-06-30
62469514,Eric Charles Rolls,2019-11-30
2701288,Bruce Dawe,2005-09-18
4740629,Leonard Teale,2006-04-14
26003320,Don Charlwood,2010-01-30
58606942,Ade Monsbourgh,2018-09-29
2713069,Max Dupain,2005-09-20
5754704,Joseph Stanislaus OstojaKotkowski,2006-06-29
63418535,Jean Skuse,2020-03-19
9275663,Phyllis Frost,2007-02-02
17158624,Jim Molan,2008-04-28
29679689,Donald Chalmers,2010-11-20
20779450,John Canny,2008-12-20
26985804,John Coates general,2010-04-17
4353301,Peter Arnison,2006-03-11
52684434,Henry Oliver Lancaster,2016-12-25
42899023,Maureen Brunt,2014-05-29
3665212,David Malcolm,2006-01-09
15304624,Arthur Gietzelt,2008-01-19
14345421,Don Grimes,2007-11-21
20233337,Ian Wood politician,2008-11-16
28198097,Ainslie Sheil,2010-07-30
42505187,Alf Rattigan,2014-04-16
46183405,Thomas Alexander Johnson,2015-03-21
40407091,Sidney Robert Freshwater,2013-08-31
1927706,John Alexander Australian politician,2005-05-23
52728900,David Roderick Curtis,2016-12-30
55054367,Dean Mercer,2017-08-28
5563731,Kerry SaxbyJunna,2006-06-14
55301543,Wilma Shakespear,2017-09-21
11371107,Allen Kerr,2007-05-23
1732872,Edward Clancy cardinal,2005-04-13
29128533,Barry Hunter bishop,2010-10-09
3489523,Nick FarrJones,2005-12-21
37675808,John Grant neurosurgeon,2012-11-18
5293656,Maude Bonney,2006-05-26
3571363,Peter Abeles,2005-12-30
1138327,John Cornforth,2004-11-06
3719477,Darrel Baldock,2006-01-14
2127699,Donald Dunstan governor,2005-06-28
46321982,Pat Galvin public servant,2015-04-05
43599746,David Sadleir,2014-08-19
49372812,Ted Pocock,2016-02-09
11601772,Roger Shipton,2007-06-05
18588977,Clarrie Millar,2008-07-26
321543,Michael Kirby judge,2003-09-19
9001245,Tony Fitzgerald,2007-01-19
534665,Roma Mitchell,2004-03-18
2361310,Thomas Reynolds Australian politician,2005-08-02
26295113,James Howard Browne,2010-02-22
19481308,Anthony Judge,2008-09-26
11288179,Johnny Ashcroft,2007-05-18
17016400,Philip Cox,2008-04-20
47444915,Bill Wells footballer,2015-08-06
62190293,Freda Glynn,2019-10-29
42938890,Dorothy Ross activist,2014-06-02
32019452,Henry Bosch,2011-06-08
4282973,Justine Saunders,2006-03-05
3018711,Bea Maddock,2005-10-28
41777618,Patricia Scott public servant,2014-01-29
19461371,Geoffrey Parsons pianist,2008-09-25
5576430,Margaret Somerville,2006-06-15
29995806,John Oldham architect,2010-12-10
25056261,Nick Waterlow,2009-11-12
10454797,Tony Rafty,2007-04-04
3002558,Max Gillies,2005-10-26
519261,Peter Sculthorpe,2004-03-11
20436904,Albert Arlen,2008-11-28
11940289,John Gandel,2007-06-25
28278458,Roberta McRae,2010-08-06
38961027,Archie Barton,2013-03-30
28487238,Ralph Elliott,2010-08-23
31701156,Paddy Roe,2011-05-07
58154795,Pat Turner Aboriginal activist,2018-08-15
52991226,Richard Bomball,2017-01-26
32731318,Ian Cooper violinist,2011-08-13
56095377,Elizabeth Catherine Usher,2017-12-20
45627036,Isabel McBryde,2015-03-09
16426,John Eccles neurophysiologist,2001-12-07
9447971,T Harri Jones,2007-02-11
14101944,Ralph Hunt Australian politician,2007-11-06
44774510,Murray Hill politician,2014-12-19
27678022,Laurie Kelly Sr,2010-06-11
27213286,Laurie Kelly politician,2010-05-04
3083898,Mick Young,2005-11-05
42949062,Kathleen Taperell,2014-06-03
490943,Lindsay Thompson,2004-02-27
26490750,Rosemary Goldie,2010-03-09
35834128,John Boultbee sport administrator,2012-05-15
8160279,Frank Arok,2006-11-28
1174075,Nancy Bird Walton,2004-11-16
42497167,Western Sydney Airport,2014-04-15
863044,Kay Cottee,2004-07-28
24489775,John Lewis Bishop of North Queensland,2009-09-27
32297671,Jon Muir,2011-07-03
2743279,Peter Sterling rugby league,2005-09-24
53059106,Gretna Margaret Weste,2017-02-01
17200158,William A Bradfield,2008-04-30
30330417,Noel Vose,2011-01-06
41628033,Alan Woods public servant,2014-01-13
1933109,Walter Campbell judge,2005-05-24
41806352,Tony Blunn,2014-02-01
7747783,Adrien Albert,2006-11-02
33256035,Mal Bryce,2011-09-30
22895329,Mosman Library,2009-05-22
1060308,Frank Fenner,2004-10-12
40998232,Charles Henry Grant,2013-11-06
19703857,John Young jurist,2008-10-10
13489919,Louis Waller,2007-09-29
17029663,Fay Gale,2008-04-21
5709663,Deirdre Jordan,2006-06-25
16960313,Robert Marsden Hope,2008-04-16
16288607,Sydney Taylor,2008-03-14
5317722,Sydney Taylor Book Award,2006-05-27
31497287,Derek Fuller Wrigley,2011-04-14
37825921,Allan Roy Sefton,2012-12-04
31894646,Joan Winch,2011-05-26
1262205,Llew Edwards politician,2004-12-10
26306335,Milton Morris,2010-02-23
44712316,Don Laidlaw,2014-12-14
20174662,David Andrew,2008-11-12
3194103,Les Murray poet,2004-09-21
22381650,Kathleen Fitzpatrick Australian academic,2009-04-12
44380171,Ann Newmarch,2014-11-12
21085566,Janet Karin,2009-01-14
1671232,Romaldo Giurgola,2005-03-30
32361863,Clement Semmler,2011-07-09
17016400,Philip Cox,2008-04-20
25792088,Geoffrey Chard,2010-01-13
62573839,Thelma Clune,2019-12-13
2765666,Judy Cassab,2005-09-26
11872200,Trevor Swan,2007-06-20
48968228,Brian Johns businessman,2015-12-31
12415775,Brian Gibson politician,2007-07-24
23124408,Eve Mahlab,2009-06-06
698446,Quentin Bryce,2004-06-02
223893,Peter Hollingworth,2003-05-09
21057831,Clare Stevenson,2009-01-12
2330773,John Friedrich fraudster,2005-07-29
36194539,Barrie West,2012-06-20
5126337,Ralph Sarich,2006-05-13
373280,William Deane,2003-11-20
13491469,Nigel Bowen,2007-09-29
741215,Gerard Brennan,2004-06-21
22691368,Peter Scott canoeist,2009-05-05
15401801,Ron Casey Sydney broadcaster,2008-01-24
63115342,David David surgeon,2020-02-15
24661848,David Penington,2009-10-12
13951387,Colin Jamieson,2007-10-28
1346106,Neville Wran,2004-12-31
3643178,William Heseltine,2006-01-07
3628502,Robert Evans astronomer,2006-01-05
7217721,Max Basheer,2006-09-30
2199552,Neale Fraser,2005-07-09
1624907,John Avery police officer,2005-03-20
26924885,William Edward Murray,2010-04-12
15348131,Ingo Renner,2008-01-21
57241052,Dale Caterson,2018-04-26
36643599,Ion Popa rower,2012-08-06
21381416,Andrew Cooper,2009-02-03
10971760,Richard Carter actor,2007-04-29
3624985,Peter Antonie,2006-01-05
906963,James Tomkins rower,2004-08-17
57209782,Adair Ferguson,2018-04-23
15783742,Keith Rayner,2008-02-16
2507439,Lawrence Alexander Sidney Johnson,2005-08-21
1523443,Arthur Birch organic chemist,2005-02-19
33259177,Fred Grimwade,2011-09-30
705853,James Wolfensohn,2004-06-05
4272426,Bill Collins television presenter,2006-03-04
56158326,Nina Christesen,2017-12-29
22806612,Ronald Berndt,2009-05-15
13752064,Raymond Martin academic,2007-10-16
22806711,Catherine Berndt,2009-05-15
57816990,Freda Whitlam,2018-07-03
60407854,Phyllis Duguid,2019-04-04
29992189,Ian Gawler,2010-12-09
26105413,Harry Dean politician,2010-02-07
1698688,Charles Perkins Aboriginal activist,2005-04-06
17989313,Carla Zampatti,2008-06-17
38391597,Cedar Prest,2013-02-01
1174200,Bruce Petty,2004-11-16
24082835,Jan Sedivka,2009-08-23
1677160,Don Burrows,2005-04-01
53091384,Fred Parslow,2017-02-05
13457897,John Cargher,2007-09-27
1213430,David Malouf,2004-11-27
5623601,Kenneth Jack,2006-06-19
415848,Eric Bogle,2003-12-30
54607712,Peter Elliott bishop,2017-07-20
154556,John Williams guitarist,2002-12-04
63363687,Peter Orlebar Bishop,2020-03-13
8543893,Nicholas Hasluck,2006-12-21
52064402,Anne Bower Ingram,2016-10-22
17998587,Roger Covell,2008-06-18
1173073,Dorothy Hewett,2004-11-15
38034195,Claire Dan,2012-12-27
20352029,Arnold Drury,2008-11-23
48653221,Isabel Flick,2015-11-26
48318321,Derek Deighton,2015-10-22
170975,Peter Finch,2003-01-19
3569012,Xavier Connor,2005-12-30
1028946,Victor Chang,2004-09-30
42263238,Jack Wright politician,2014-03-21
58164788,Kenneth Chan rower,2018-08-16
1147867,David Smith public servant,2004-11-09
35724220,Germaine Joplin,2012-05-05
63087663,Isabel Joy Bear,2020-02-11
59089425,Brian Tobin tennis,2018-11-17
2443025,Tony Mundine boxer,2005-08-13
51766945,Tom Bellew,2016-09-27
610478,Paul Wild Australian scientist,2004-04-21
24431203,John Henry Carver,2009-09-22
43705109,Norman Oakes,2014-08-31
40888855,Francis Peter de Campo,2013-10-25
46962260,Rodney Johnson sport shooter,2015-06-12
693780,Paul Hogan,2004-05-31
9392580,Hugh Gordon parasitologist,2007-02-08
26010486,Kevin Nichols,2010-01-31
1894559,Lindsay Gaze,2005-05-16
60555434,Edwina Kennedy,2019-04-21
10134281,Martin Glaessner,2007-03-19
41898147,Peter Henderson Australian public servant,2014-02-10
24456243,Lee Robinson director,2009-09-24
62776639,Don Cooley,2020-01-08
55022479,Myra Roper,2017-08-25
1042746,Peter Cosgrove,2004-10-05
2760974,David Martin governor,2005-09-25
51149736,Clarrie Hermes,2016-07-24
6823789,Leycester Meares,2006-09-03
1072712,Galarrwuy Yunupingu,2004-10-16
2762177,Clifton Pugh,2005-09-25
25418558,Ursula Hoff,2009-12-13
2909060,Lloyd Rees,2005-10-15
13378757,Neville Gruzman,2007-09-21
2048606,Frank Moorhouse,2005-06-15
7740626,Colin Madigan,2006-11-02
14336886,Inge King,2007-11-20
1890104,Albert Tucker artist,2005-05-15
1864948,Thomas William Holmes,2005-05-10
42607706,Alexander Clifford Beauglehole,2014-04-28
6671466,Arnold Robert McGill,2006-08-24
24115900,David Butler general,2009-08-26
49224216,Stephen FitzGerald diplomat,2016-01-26
26091,Rupert Murdoch,2001-10-23
3907147,Charles Jones Australian politician,2006-01-31
43190089,Jim Scully public servant,2014-07-01
1010228,Russell Ebert,2004-09-23
2385347,Gil Langley,2005-08-05
58220992,Will Baillieu,2018-08-21
389497,Peter Costello,2003-12-05
50535795,Myer Kangan,2016-05-14
53087969,William Albany McKenzie,2017-02-04
173686,Kerry Packer,2003-01-24
9119558,Joyce Nicholson,2007-01-26
25674314,John Manning Ward,2010-01-04
38391948,Allan McFarlane,2013-02-01
12342374,Vivienne Binns,2007-07-20
534672,David Williamson,2004-03-18
3072334,R D Fitzgerald,2005-11-03
23520606,Peter McIntyre architect,2009-07-07
17711861,Maie Casey Baroness Casey,2008-06-01
42605811,John Roslyn Garnet,2014-04-28
12304090,David McLeish,2007-07-18
40150215,Charles Fenton,2013-08-04
17818402,Syd Einfeld,2008-06-07
587792,Des Corcoran,2004-04-10
27925554,Kath Anderson,2010-07-03
20193664,John Bunting diplomat,2008-11-13
3592587,Geoff Hunt,2006-01-02
2566644,Fos Williams,2005-08-29
12944417,Marshall Hatch,2007-08-25
49410212,John Rowland diplomat,2016-02-12
2267756,Jacques Miller,2005-07-19
30292742,Geoff Virgo,2011-01-03
21449303,Ian Reay Mackay,2009-02-08
39399100,Harry Krantz,2013-05-16
44010601,Kevin McDonald rugby league,2014-10-03
6926558,Ivan Southall,2006-09-10
988577,A D Hope,2004-09-15
20402339,Isador Goodman,2008-11-26
3761192,Dymphna Cusack,2006-01-18
24915744,Beatrice Deloitte Davis,2009-10-31
998981,Jack Lindsay,2004-09-19
11932836,Franca Arena,2007-06-24
46221804,Claude Ewen Cameron,2015-03-25
57524285,Peter Hogarth Doyle,2018-05-27
15351535,Alf Garland,2008-01-21
22125352,Laurie Short,2009-03-25
15393892,Max Fatchen,2008-01-24
36173104,Joan Long,2012-06-18
2861204,Norman Makin,2005-10-08
54386168,Harold David Anderson,2017-06-25
14222829,Bob Marshall billiards player,2007-11-13
58968804,Doris Magee,2018-11-05
19841721,James Gleeson bishop,2008-10-19
481803,Ken Rosewall,2004-02-22
322569,Kim Beazley Sr,2003-09-20
1625030,Jack Renshaw,2005-03-20
9668601,Frank Wise,2007-02-23
44599478,Douglas Peel Gordon,2014-12-04
4059,Bob Hawke,2001-08-17
1186694,William George Walker,2004-11-19
54378169,Clem Renouf,2017-06-23
2422389,William Sutherland physicist,2005-08-10
3767628,Nancy Keesing,2006-01-19
28080033,Margel Hinder,2010-07-19
53302989,Max Angus,2017-02-25
25889442,Hal Missingham,2010-01-21
61835464,Ian McBryde South Australian politician,2019-09-20
16049707,Brian Murray governor,2008-03-02
1144222,John Crawford economist,2004-11-08
8577562,James Plimsoll,2006-12-23
417493,Macfarlane Burnet,2004-01-01
33258645,Harold Brennan,2011-09-30
21789084,Winifred Curtis,2009-03-03
44655954,Bert Shard,2014-12-10
2221712,John Armstrong Australian politician,2005-07-12
12709847,Albert Thompson Australian politician,2007-08-10
5311688,Samuel Warren Carey,2006-05-27
42614200,Allen Axel Strom,2014-04-29
10361711,Eleanor Dark,2007-03-30
16993677,John Shaw sailor,2008-04-18
25850280,Ken Myer,2010-01-18
2731376,Felix Werder,2005-09-22
23213129,Alan McLeod McCulloch,2009-06-14
17715844,Raymond Hanson composer,2008-06-01
1142485,Harold Blair,2004-11-07
49297135,William Henderson general,2016-02-02
14782617,Eric Underwood,2007-12-19
6913154,Arthur Dale Trendall,2006-09-09
3076771,Peter Karmel,2005-11-04
16285,John Cade,2001-11-03
49349358,Tom Critchley,2016-02-07
40777998,Francis Patrick Donovan,2013-10-12
1115991,Cecil Purdy,2004-10-29
4190469,Clem Jones,2006-02-25
1038547,Bert Newton,2004-10-04
