name,wdID
John Brew,Q95969402
Kaye Basford ,Q43498974
Marcello Costa,Q61809995
Suzanne Crowe,Q96115329
Georgina V. Long,Q42947998
Ranjeny Thomas,Q38523203
Ingrid Winship,Q40391308
Robert C Baxter,Q41789383
Sarah E. Medland,Q37375476
Kim Oates,Q92167032
Katarzyna Dziegielewska,Q96108764
Jennifer Martin ,Q44551189
Sheena Reilly,Q38803128
Paul Walker,Q57551242
John Vogels,Q6262060
Denis Napthine ,Q5257422
Philip Ruddock,Q3379071
Alan Ferguson,Q4706609
Bronwyn Bishop,Q4974135
Tony Windsor,Q7823688
Mike Baird ,Q6845925
Paul Zammit,Q7154532
Noel Padgham-Purich ,Q7047152
Susan Neuhaus,Q26704358
Tony Abbott,Q348577
Marcus Westbury,Q6758529
Yvonne Audette,Q17318570
Vincent Namatjira ,Q89697567
Tjunkaya Tapaya ,Q12859981
Lyn Breuer ,Q6708303
Belinda Hutchinson,Q23771328
Scott Pape,Q7437003
Diane Grady,Q96114175
Christine Christian ,Q96115463
Herb Wharton,Q5733241
Mark Opitz,Q6769115
Denise Goldsworthy ,Q96115842
David McKenzie,Q5237397
Jaelea Skehan,Q91208571
Marcia Langton,Q3289980
Stefan Ackerie,Q7606009
Perry Crosswhite,Q3900084
Colin Limpus,Q21338697
Perry Bartlett,Q56815961
Glenn Bourke ,Q76841327
Michael Clarke,Q1428440
Tashi Tsering,Q7687202
Cathy Foley,Q18686163
Caroline McMillen,Q59578575
Tamara Davis,Q23696661
Simon Stuart,Q96148955
Jonathan Mead,Q77093205
Kate Lamont,Q6375587
Rhondda Jones,Q7321393
Jeffrey Lipman,Q53678222
William Stewart Logan,Q10834574
Simon Gipson,Q7518847
Sue Lopez Atkinson,Q96187869
Aaron Kearney,Q4662139
Christine Phillips,Q42636594
Jeanine Young,Q60141411
Susan Kenny ,Q16730730
Sean Dorney,Q56249737
Jan Sardi,Q3161747
Bruce Chapman ,Q20011413
Liz Constable,Q6660082
Martin Tenni,Q16095896
Alan Eggleston ,Q4706579
Brigid Jordan,Q56440911
Winita Hardikar,Q91980063
Lynn Gillam,Q90094726
Judyth Watson ,Q14954682
Brad Norman,Q40115591
Alison Harcourt ,Q57079384
Shi Xue Dou ,Q46851655
Marita Cheng ,Q6765739
Maree Smith,Q24851696
Michelle Simmons,Q16885683
Frances Šeparović,Q18166645
Linda Richards,Q19877853
Leo Radom,Q6524158
Neville Exon,Q57904930
Hala Zreiqat,Q69627764
Peta Ashworth ,Q58418645
Luc Longley,Q705993
Kate Palmer ,Q6375711
Adrian David Cheok,Q4684966
Michael Davis,Q64623642
Martin Bowles,Q6775037
Derek Byerlee,Q64620762
Brenda Wilson,Q18166244
Lex Doyle ,Q37838595
Terence Worthington,Q56060108
Monika Schmidt,Q43378568
Annabelle Bennett ,Q4767710
Reginald Ian Barrett ,Q7308759
Kerry Heysen-Hicks,Q3195505
Debra Mullins,Q16732990
John Finnis,Q3312283
Ruth Bishop,Q5397741
Geoffrey Isbister,Q41669212
Andrew Biankin,Q38802580
Mark von Itzstein,Q40187053
Alan Frederick Cowman,Q21165015
David A. Mackey,Q37373213
Karim M Khan ,Q89722146
Fiona Judd,Q96118745
David Burke,Q64518460
Jayashri Kulkarni,Q61741188
Ruth McNair ,Q28925005
Christine Kilpatrick ,Q49564679
Rachael Kohn ,Q7279079
Judy Tierney,Q60608741
Leigh Sales,Q6519670
Mary Anne Kirkpatrick,Q75782657
Elizabeth Mary Chiarella,Q70731997
Megan-Jane Johnstone,Q47193440
Debra Jackson,Q39818657
Dave Nilsson,Q3018541
Frank Sedgman ,Q962049
Jan Cameron,Q3807042
Don Tregonning,Q25755189
Elizabeth Chong ,Q5362577
Adrienne Cahalan,Q4685686
Dennis Meredith,Q5258732
Deborah Lawrie ,Q5248305
Kevin Rudd ,Q43135
Susan Kippax,Q66490681
Jake Ellwood,Q76708273
Sue Murphy,Q96119748
Robert Gillies ,Q7344780
Frank Fisher ,Q5486623
Jessica Smith,Q86927470
Eric Bana,Q4440
George Mye,Q52636191
Darren Hayes ,Q527055
Carrie Bickmore,Q4086613
Guy Sebastian ,Q983452
David Campbell ,Q5232113
Hugh Jackman ,Q129591
Meryl Tankard,Q6820995
Li Cunxin,Q712579
Kay Van Norton Poche,Q96120863
Cassandra Kelly,Q21932435
Carol Schwartz,Q96120562
Kathryn Fagg,Q53568318
Nan Bosler,Q83100565
Margaret Jackson,Q6759554
Sarah-Jane Clarke ,Q62003665
John Tierney,Q6260826
Natasha Stott Despoja,Q6968504
John Cornwall,Q6227168
John E. Scanlon,Q21175237
Rosemary Johnston,Q57004917
J. Bruce Jacobs ,Q76577662
Josephine Flood,Q17523828
Rae Cooper ,Q64665944
Yi Min Xie ,Q59684921
Dharmendra Sharma,Q58143378
Graeme Turner,Q5592411
Helen Patricia Ramsay,Q21606943
Bev Overton ,Q77484961
Elizabeth Martin ,Q96119326
Peter Rathjen ,Q7176537
Katherine Belov ,Q21463152
Faith Thomas ,Q5431233
Ricky Grace ,Q645067
Tilman Ruff ,Q21063268
Elizabeth North ,Q5363269
Marie Porter,Q54941473
Virginia Spate ,Q54906851
John William Cotter ,Q6264134
Tom Gleisner,Q7815955
John Goss,Q6235843
Joanne Broadbent,Q6206077
Christobel Saunders ,Q21063295
Rose Amal,Q25513876
Kate Grenville,Q2919671
Robyn H. Guymer,Q56440759
Jill Bilcock,Q280870
Michael Noonan,Q16733451
Paul McLachlan,Q23771352
Geoffrey Arthur Williams,Q85433418
Goff Letts ,Q5577247
Helen Brownlee,Q62007080
John Cuneo,Q6227867
Geoff Harcourt,Q1502988
John Kerin ,Q1700698
Robert Gottliebsen,Q7344883
Philip Brady ,Q7183266
Christian Zahra,Q5110292
Lee Tarlamis,Q373488
David Walker ,Q5240784
Barbara G. Briggs ,Q2356897
Linda Jackson,Q6551674
Arman Abrahimzadeh,Q48472257
Robert Murray Smith,Q16037897
David Smith ,Q25184192
Ian Smith,Q19879108
Deepak Vinayak ,Q29589031
Jennifer Westacott,Q77982236
Joseph Assaf,Q6281158
Dawn Fraser,Q229040
Dawn Fraser Baths,Q56051624
Anne Wills,Q4768893
David Cooper,Q24682145
Bruce Fink,Q23017422
Kathryn Harby-Williams ,Q6377048
John Hatzistergos,Q16193625
Phillip Thompson,Q64009045
Ronald Eric Johnstone,Q7364841
Roberta Barkworth Shepherd,Q41799667
Su Baker,Q76681163
Suzanne K. Chambers,Q56233428
Shurlee Swain,Q55106278
Catherine Branson ,Q5052554
Gillian Aldridge,Q5562186
Andrew Murray ,Q4758092
Alex Byrne,Q25490545
John Sharp,Q6257427
Noel Kelly ,Q15485653
Peter J. Smith ,Q33693782
Robin Creyke,Q67222775
Geoffrey Burnstock,Q5534494
Brian Owler,Q18378958
Sever Sternhell ,Q7457809
Susan Butler,Q55329619
Terri Cater,Q27058495
Susan Provan,Q54918107
Erica Smyth,Q18057058
San Thang,Q28949164
Jeremy Fisher,Q15486005
Paul Broughton ,Q7149540
Keri Craig-Lee ,Q50875121
Daryl Melham,Q5226210
Ann McGrath,Q64866567
John Marshall,Q2301894
Ann Carr-Boyd ,Q4766306
John B. Biggs,Q6219865
Richard Francis-Bruce,Q1969707
Sydney Fischer,Q76030305
Michael Ebeid ,Q6830064
Peter de Waal,Q64762923
Anne Warner,Q4768873
Kathryn Toohey,Q30112690
M. C. Ricklefs,Q3272425
Judith Ryan ,Q77354537
Ian Robinson ,Q5982762
John McLaren,Q16037824
Joe Tripodi,Q6212724
Cate Blanchett ,Q80966
Michael Crouch,Q16093647
Ken Freeman,Q6387641
Peter Gago ,Q7174156
John Gandel,Q6234806
Alan Joyce,Q4707007
Peter Klinken,Q28132587
Julian McMahon,Q19667062
Jacques Nasser,Q1678053
John Shine,Q12404787
Robert Tickner,Q7350396
Katherine Woodthorpe ,Q70026805
Alex Zelinsky,Q4718044
Linda Kristjanson,Q56750647
Angel Lopez,Q67064620
Geoff Fincher ,Q19636948
Andrew Gleadow,Q57905615
Kay Goldsworthy,Q523318
Antony Green ,Q4777207
Helen Herrman,Q46956609
James Hogan,Q6136145
Caroline Homer,Q37843077
Ian Hume,Q67499053
Mo'onia Gerrard,Q6886099
Andrew Ford,Q4756977
Ron Dyer,Q7363723
George Henry Bennett,Q5540423
Harold Trevor Clifford ,Q5892430
Robert Spence ,Q12069792
Darby McCarthy,Q5222273
Amanda Keller ,Q4739661
Roger Noble,Q61951606
Jared Tallent,Q1728
George Williamson ,Q23621684
Kerry Sanderson,Q17402900
Glenn Stevens ,Q1813984
Jan Elizabeth Adams ,Q22002995
Fran Baum ,Q67231057
John Bertrand,Q1699327
Andrew Cuthbertson ,Q95606804
Carmel McLure,Q16889134
Tony Beddison,Q84390859
Hieu Van Le ,Q5753361
Peter Lloyd,Q24706194
Raymond Finkelstein,Q7298776
Suzanne Y. O'Reilly,Q17517283
Vivienne Thom ,Q96575176
Lynn Rainbow ,Q6709179
Tony Smibert ,Q17198723
George Souris ,Q5544706
Debbie Spillane,Q24570058
Colin Raston,Q24851642
Alan Stockdale ,Q4707846
John Wegner,Q53095622
Nalini Joshi,Q6960912
Kevin Donnelly,Q76464990
Cheryl Edwardes ,Q16145052
Elizabeth Finkel,Q5362772
Denis Evans,Q5257225
Kate Ceberano ,Q6375418
Keith Payne,Q6384877
Sue Smith,Q16150449
Hugh Smith,Q56254903
Lex Lasry ,Q6537565
Elliot McAdam ,Q5365527
Karen Mahlab ,Q53870690
Bert Turner,Q23765973
John Watkins ,Q16186946
Stanton Welch,Q7600284
Brett Chandler,Q4962110
Rupert Myer ,Q19655099
Monica Oliphant,Q6900035
Pip Pattison,Q18640515
Finn Pratt,Q19668248
Karen Simmer,Q67361284
John Douglas Story,Q6229923
Deborah Terry ,Q77481287
Allan Luke ,Q4730794
Stephen Simpson,Q21062170
Dick Smith,Q5273384
Lesley Chenoweth,Q96745865
Peter Coleman ,Q7173326
Peter Coleman-Wright ,Q7173328
Bulent Hass Dellal ,Q4996116
Lauren Jackson,Q270653
Christopher Legoe,Q57572368
Julian Gardner ,Q6307168
Keith Vincent Garner,Q6385160
Susie Elelman ,Q7649021
Kay Hull,Q6380209
Peter McMahon,Q7175814
Ken Shadie,Q3195086
Matthew Burke,Q3299684
Chris Maxwell ,Q5107377
David Jacka,Q16199641
Geoff Gardner ,Q5534869
John Sullivan,Q6259610
Nathan Efron,Q15429385
Kym Anderson ,Q1795098
Judith Clements ,Q17523861
Patrick Keane ,Q7146911
John Trainer,Q6261131
Denis Walter ,Q16186941
Tom Bathurst ,Q7814902
Les Carlyon ,Q6529306
Megan Clark ,Q6808636
Richard Gibbs,Q17180615
Barry Jones ,Q4864363
Des Ball ,Q17198050
Deborah Cheetham,Q5248203
Anne Penfold Street,Q29650258
Tania Sorrell ,Q37839159
Steve Moneghetti,Q976074
Alec Tzannes ,Q4720269
Minoti Apte,Q43900835
Tony Benneworth,Q7821887
Eleanor Witcombe,Q16089804
Samina Yasmeen,Q7409464
Greg Bilton,Q18639131
Carl Vine ,Q2269290
Maureen Wheeler ,Q6792768
Tony Wheeler,Q3993327
Tony Wheeler,Q3993327
Patsy Wolfe,Q44880023
Tim Barrett,Q16152090
Nadia Badawi,Q56043551
Tim Bonyhady,Q15430263
Ziggy Switkowski,Q8071785
John So,Q926168
Graeme Koehne,Q1541323
Sandra Levy,Q49909218
Barry Ninham,Q28076272
Ingrid Scheffer,Q18687923
Michael Gawenda,Q6830549
Bradley Trevor Greive,Q4148979
Robert Hannaford ,Q7345235
Hetty Johnston,Q15453153
Richard Colman,Q7324845
Barbara Caine,Q20676173
Caroline De Costa,Q66685240
Philip Cummins,Q18388162
Peter McKay,Q56813024
Ernest Merrick,Q5394642
Stan Collard ,Q7597591
Leon Tuckwell,Q61961907
Ray Warren,Q7298253
Marie Bashir ,Q1897276
James Masters,Q6139055
Salvatore Zofrea,Q7406699
Denise Roberts ,Q5257751
Denise Boyd,Q5257628
Clement Smith,Q21069652
Matt Welsh,Q1373529
Albert Thomas,Q4711319
James Thompson,Q6144183
Bill Turner,Q21070023
Dean Mildren,Q5246360
Patrick Bugden,Q7146168
Ron Haddrick,Q2892345
Gus Gilmore,Q5620669
James Crawford ,Q1680223
Jill Ker Conway,Q1395966
Christopher Baggoley,Q67231374
John Byrne,Q6224229
Ron Clarke ,Q549365
Robert Dickerson ,Q7343530
Jennie George,Q6177982
Petro Georgiou ,Q7178866
John Hopkins,Q6239824
Duncan Ironmonger,Q5314395
Timothy Kain,Q11318970
Robert Lunn,Q56034928
Ronnie Burns,Q7365821
William Delafield Cook,Q8007738
Cadel Evans ,Q190919
Andrew Lloyd,Q4757779
John Lynch ,Q18385372
Margaret Hunter ,Q62112303
Don Wing,Q5293743
Richard Woldendorp,Q7330060
David Wotton ,Q5241299
Alice Spigelman ,Q59622064
Peter Steele,Q18645861
Haddon Storey,Q17402525
Reginald Arnold,Q204263
David Llewellyn,Q5236684
Heather Jeannie Herbert,Q61864552
Tony Hyams,Q7822617
Janet Powell ,Q6153558
James Muecke,Q83615892
Wayne Harrison ,Q7976307
Elisabeth Kirkby ,Q5361491
Victor Kovalenko,Q20203069
Ann Mitchell,Q16769613
Alice MacLennan,Q59229700
John Hardy,Q18719463
Ernie Bridge ,Q5394375
Heather Butler,Q5693771
Phillip Toyne ,Q20114368
Peter Jones ,Q7175028
Joseph Paul Forgas,Q11274865
Alex George,Q2702267
David Headley Green,Q21165814
Edward David Edwards,Q22113707
Gareth Evans ,Q381902
Ian Frazer ,Q930011
Robert Hill ,Q773848
Stephen Hopper ,Q2082700
Joan Kirner,Q3179594
Wayne Martin,Q7976444
Peter Singer,Q211539
Ian Brusasco,Q5981044
Harry Butler,Q5667653
Liz Jones,Q65556614
Piers Lane,Q4271262
Simon McKeon ,Q7519329
Doug Jones,Q16142774
Graeme Hugo,Q18925194
John Herron ,Q6239095
Peter Carey,Q313254
Mary Crooks,Q74618383
Amanda Thane,Q16019585
Sarah A Best ,Q52727394
Deb Butterworth ,Q82654413
Maree Gleeson,Q69632139
Bruce A. Fuhrer,Q4977034
Arthur Cantrill,Q27450856
Corinne Cantrill,Q27450844
Leslie D Field,Q59576600
Lisa Jackson Pulver ,Q38545728
Susan Kiefel ,Q7648065
John Anderson,Q3180912
Marie Coleman,Q47074364
Brian Martin ,Q4965183
John F. Burrows ,Q82334266
Nick Warner ,Q7028110
George Williams ,Q5546376
Ralph Willis,Q7288278
Ben Swane,Q83499459
Kerryn Phelps,Q6394699
Richard Charles Larter,Q43133077
John Carmichael ,Q6225212
Steve Smith ,Q7613974
Adam Gilchrist ,Q349516
James Halliday,Q15490378
Dianne Hiles ,Q16728548
Michael Hodgman ,Q6831178
Roderick Weir Home,Q7356694
Martin Copley ,Q6775193
Linda Dessau ,Q6551523
Greig Pickhaver,Q5607286
Barbara Pocock,Q63405944
Andrew Sayers,Q21097029
Hossein Valamanesh ,Q15440269
Yiu-Wing Mai,Q21166891
John Mawurndjul,Q6247250
George Palmer,Q5543177
Raymond Todd,Q16886148
Thusnelda Williams,Q85434646
Anne Jones ,Q4768481
Lewis Morley,Q3237300
Tony Miller,Q7822983
Patrick McGorry ,Q7147153
Gordon Parker,Q5585645
Michael Rozenes ,Q6834011
Tony Rundle,Q2442810
Vicki Sara,Q38263243
John von Doussa ,Q6265936
Mark Binskin ,Q6766742
Robert Bell ,Q58416759
Valerie Beral ,Q4793379
Steve Bracks,Q3498865
Harold Mitchell,Q16106014
Michael McRobbie,Q6832771
James Angus,Q28094330
John-Michael Howson,Q6217351
Cliff Green,Q2979051
John Green,Q6236145
Alison McCusker,Q45739587
Ian Leslie,Q5982038
Alan Cadman,Q4706304
Neil Betts,Q28733608
Hugh Edwards,Q11330275
Helen Cutler,Q55957518
Richard Schodde ,Q534418
T. J. Ryan ,Q1396927
Garry Connelly,Q42309283
Jack Bendat,Q16730097
Tate Adams,Q7687944
John Hartley ,Q6238065
Clive Hamilton,Q1101957
David Hamill,Q5234670
Arie Freiberg ,Q4790332
Geoffrey Eames ,Q11699610
Kurt Lambeck,Q6446842
Bruce Edward Hobbs,Q4977431
Robert M Graham ,Q64684938
Irene Gleeson ,Q6069028
Peter Underwood,Q982736
Mary E. White ,Q21598045
John Mansfield ,Q6246647
Russell D. Lansbury,Q66725467
Pam Kilborn,Q437288
John McGrath,Q16105163
John Messara,Q17037422
Karen L. Wilson ,Q5958129
Margaret Christensen,Q6759270
Bruce Clarke,Q15501700
John Anderson ,Q3296918
Giovanni Antonaglia,Q5563667
David Boyd,Q3017553
Dorothy Hoddinott,Q69627064
John Ralston,Q16029239
Arthur Sinodinos,Q4800293
Jim Bishop ,Q96265046
John Bathersby,Q1699120
Peter Baume ,Q7172714
David Bennett ,Q5231308
Geoff Gallop ,Q3046134
Reg Grundy ,Q2137228
John Howard,Q51330
Rob Atkinson,Q16113938
Elizabeth J. Elliott ,Q61783587
Es Downey,Q18353965
Charles Birch ,Q454195
Dorothy Buckland-Fuller ,Q61060144
Mollie Campbell-Smith ,Q55440652
Paul Clitheroe,Q7149875
Peter Corrigan,Q7173396
Albert Dadon ,Q4710001
Rayne de Gruchy,Q47037569
Tania de Jong ,Q4994279
James Kemsley,Q6137209
Richard Lane ,Q2150058
Tracy Caulkins,Q238782
Peter Wilkinson,Q7177714
Betty Fisher,Q62156103
Max Graham,Q19873876
John Armitage ,Q6219377
James Purcell ,Q19519703
Jack Newton,Q20640925
Wolfgang Sievers,Q2591448
Anne Phelan ,Q4768717
Henk Vogels,Q1035313
Alan Seymour,Q2636835
Jim Stynes,Q2693545
Charmaine Solomon ,Q5086424
Perry Crosswhite,Q3900084
Raelene Boyle,Q268123
Bob Brown ,Q4931941
Barry Cohen,Q4864101
Bruce Stone,Q27493454
Jennifer Strauss,Q15460933
Naida Haxton,Q38648876
Naguib Kanawati,Q3335124
Dennis Trewin ,Q5259016
Geoffrey Tregear,Q67461080
Alex Chernov,Q259774
Ashley Cooper,Q712208
Anne Kelso,Q47502196
Iain McCalman,Q5980536
Neil Mitchell,Q6989052
Mark Paterson,Q16199446
Jill Roe,Q28343975
Donald Malcolm Talbot ,Q5293593
Mark Evans ,Q6767549
Peter Leahy ,Q7175395
Victor Smorgon ,Q7926352
Ross Adler ,Q7369168
Peter Carnley ,Q7173183
Margaret McMurdo ,Q16186367
Anne Lynch ,Q28047779
Ron Evans,Q1696151
Bert Flugelman,Q1574668
David Headley Green,Q21165814
Bert Grof,Q4881758
Judith Wheeldon,Q69631432
John Yovich,Q6265252
Les Murray ,Q6529770
Peter Patmore ,Q7176310
Ralph Doubell,Q918290
Debora Picone,Q66364411
Steve Gilmore,Q5795306
John Coates,Q16135744
David de Kretser,Q1177366
Donald McDonald,Q5294830
Margaret Olley,Q3298751
Shane Stone ,Q2276874
Margaret Beazley ,Q6759174
Julie Campbell,Q27995816
Rosemary Follett,Q1396349
Michael Bryce ,Q6828901
Jim Clarko ,Q6194213
Greg Combet ,Q11701393
Keith De Lacy,Q16105316
Colleen McCullough,Q228801
Terry Moran,Q7704819
Olivia Newton-John,Q185165
Richard Searby ,Q16105205
Ian Braid ,Q16096878
David Brockhoff,Q3017574
Ash Power ,Q4804422
Joseph Aarons,Q20962507
Jack Absalom,Q6110939
Eric Charlton,Q5386261
Jack Denham ,Q6112084
Julie McDonald,Q1109903
Ernie Page,Q5394675
John H Page,Q50164000
Joan Rose Dwyer OAM,Q62168294
John Stirling Craig,Q93314816
Nanette Good,Q96939939
Jillian Segal,Q96141435
Richard Shine,Q7329022
Jane Singleton ,Q78959415
Jim Petrich ,Q6197479
Howard William Olney ,Q5920535
Sydney Benjamin Beale ,Q75323208
Sydney Benjamin Hartley,Q80777521
Rachel Ward,Q271948
Saxon White ,Q7428851
Michael Wilson,Q6835383
Terry Underwood ,Q28921850
Tetsuya Wakuda,Q7706963
Tracey Wickham,Q546225
Geoff Mack,Q5534215
Tom Tehan ,Q7817792
Bryan Brown,Q363659
Alan Bundy,Q93490823
David Irvine ,Q5235368
Graeme Jameson,Q21598168
Stanley Jones,Q58826810
Jane Mathews,Q42497555
Allan Moss ,Q4730873
Jocelyn Newman,Q6207164
Diana Laidlaw ,Q5271209
Bruce Lloyd,Q4977890
Robert Clancy ,Q7248186
Brian Davies,Q4963522
Stella Bywaters,Q55825496
Douglas Daft,Q5301401
Marilyn Warren,Q6763646
Charlie Bell ,Q321864
Freda Briggs,Q23747844
Samuel Berkovic,Q7410915
Peter Morris,Q671591
John Ryan ,Q20050739
John Douglas Morrison ,Q95605901
Margot Vowles ,Q71508160
Ross McLean,Q7369513
Nick Enright,Q3339739
George Gregan,Q1507452
John Sydney Haines,Q6259857
Clifford Harry Thompson ,Q17155856
Albert Mervyn Olsen,Q62598827
Margaret Ray,Q17386614
Wendy Rose,Q67003673
Harry Frederick Recher,Q5668930
Judi Connelli,Q6302799
Nancy Wake,Q234134
Adele Green,Q40673023
Leo Hielscher ,Q6523829
James Killen,Q6137315
Hugh Stretton,Q15462668
Raymond Apple,Q7298564
Joan Bielski,Q47037281
John Chapman,Q2659517
Helen Nugent ,Q5702915
Mahla Pearlman ,Q18002738
Margaret Reid,Q6759831
Cathy McGowan,Q16185462
Robert Hetherington,Q4932780
Iris Burgoyne,Q21997795
Raymond Agnew,Q61994646
Jane Edmanson,Q58032731
Hayley Lewis,Q274293
Jacqueline Mason,Q6120159
Steve Waugh ,Q735048
William Wright,Q21006566
Max Howell,Q16019710
Judith Mary Roberts,Q84166346
Bob Hammond,Q4932674
Basil Scarsella,Q4867255
Ron Radford,Q7364289
Tom Lewis ,Q7816580
Neville Thiele ,Q2638527
William Edward Norman Bennett,Q1292063
Norm O'Neill,Q3343706
Mary Sheehan,Q58413938
Norelle Lickiss,Q84165682
Jillian Broadbent ,Q16123989
Doug Anthony,Q1251694
Roderick Carnegie ,Q7356597
Richard Court,Q3305274
Michael Field ,Q6830287
Margaret Jackson,Q6759554
Primrose Potter,Q16091974
Bob Baxt,Q4931763
Robert Baxter ,Q2394355
Robert Brooking,Q16727677
Margaret Burgess,Q69049397
Geraldine Doogue,Q5549739
Thancoupie ,Q23806338
Andrea Hull,Q4755125
Ken Inglis ,Q6387850
Dean Jaensch ,Q5246242
Terry Jackman,Q16935033
Toni Lamond,Q7821292
John Mitchell,Q6248996
Paula Duncan ,Q9057059
Robert Champion de Crespigny,Q7342854
John Doyle ,Q6230056
Herb Elliott,Q472503
Kenneth Hayne ,Q6390196
Jeanne Pratt,Q88203631
Kay Hallahan ,Q6380197
George Szekeres,Q177504
George Szekeres Medal,Q5545011
Australian Mathematical Society ,Q781585
Ian Wilson ,Q5983284
Kevin Duggan,Q56034483
Mike Ahern,Q3313187
Ronald Drayton Brown,Q28076403
Peter Leahy ,Q7175395
Beryl Nashar,Q26702224
Clifford Possum Tjapaltjarri,Q440221
Patrick Moray Weller ,Q68268625
Mike Willesee ,Q6849275
Alan Coates,Q20084206
Rex Keily,Q61982462
Anne Hepburn ,Q27678467
Edgar Britt,Q5337142
Ray Hadley ,Q7297571
Nicholas Euclid,Q7025355
Pinchus Feldman ,Q7194945
Bruce Peake ,Q21095596
Gwyn Hanssen Pigott,Q5623774
Donald E. White,Q25659726
George Bornemissza,Q5537113
David Ashton,Q5230887
Ian Lowe,Q5982090
Dianne Yerbury,Q5271711
Elizabeth Anne Reid ,Q5362323
James Dunn,Q28016690
Judith Whitworth ,Q55462162
Paul Z Zimmet,Q63688819
Janine Haines,Q6154549
Hilary McPhee,Q5761026
Jackie Huggins,Q6116415
Jim Carlton,Q6194062
John Yu,Q9077601
John Mathwin,Q6247158
Dick Kimber,Q30086669
John A. Hamilton ,Q46648449
Jack Lockett,Q4357255
Michael Murphy,Q55086802
Mary Sawyer,Q17302233
Kevin Scarce ,Q1740252
John Treloar,Q3137457
Peter Thomson,Q1359387
Michael Morgan ,Q3305171
Doug Lowe,Q5300679
Sam Calder,Q7407281
Don Cameron ,Q5294885
Patrick Corrigan,Q16092601
Wayne Denis Hall,Q7976180
Paul Symon,Q7153896
Murray Rose,Q362362
Hugh David Sawrey,Q43136436
Sally Thomas ,Q7405314
Beryl Grant,Q41791927
Dick Scotton,Q7328940
Susan Serjeantson ,Q87469316
Geoffrey Wickham,Q5534973
James Roland Wood ,Q6142377
Paul de Jersey ,Q7154577
Robyn Archer ,Q7353572
David Bennett ,Q5231308
John Carter ,Q6225351
Reginald Joseph Marr ,Q20679481
John Maclean,Q16196573
Darryl Smith,Q5225454
David Smorgon,Q5239914
Bill Brown ,Q2667644
Dorothy Hilda Henderson ,Q87416643
John Winneke ,Q6264621
William Cox,Q2578355
Marcia Neave,Q6757130
Cheryl Praeger,Q1070533
George Paciullo,Q5543154
Evan Adermann,Q5415311
Michael Baume,Q6828506
Ian Porter,Q5982611
Geoff Henke,Q5534160
Joan Hall ,Q6205085
James Semple Kerr,Q18346486
James Harrison,Q2086893
Gracia Baylor,Q5591492
Guy Warren,Q5622665
Bud Tingwell ,Q734495
Michael Fitzgerald Page ,Q18635469
David Dicks ,Q1174223
Marlene Mathews ,Q443491
Neale Lavis ,Q6984227
Lionel Cox,Q569106
Ronald Crawford,Q7364767
Leneen Forde ,Q435025
Lorraine Crapp ,Q261681
Eric Gross ,Q5386622
Richard Cleaver,Q7324779
Wilma Oram,Q8022671
George Seddon,Q5544392
Ken Gillespie,Q6387677
Phillip E. Playford,Q32539655
Jim Barry,Q27983382
Elizabeth Burchill ,Q14954676
Yvonne Cossart ,Q89444380
Rex Stevenson,Q18207776
A. W. Martin ,Q62102518
Don Aitkin,Q5292141
Weston Bate ,Q7989400
Marilyn McMeniman,Q90079196
Geoff Wilson,Q5534384
Sydney Levine,Q90975781
Richard Smallwood,Q96250896
Andrew Peacock ,Q374949
Wal Murray ,Q7961245
Patrick Quilty ,Q22253117
Sophie Charlotte Ducker,Q21510988
Sid Atkinson,Q722838
Morris West,Q471021
Joy Roggenkamp,Q90082299
Nan Giese,Q90087689
Peter Andry,Q7172534
Glenn Murcutt ,Q333509
Roger McNeice,Q20716208
Mavis Thorpe Clark ,Q24284530
Helen Zerefos,Q5703439
Ken Wyatt,Q3195101
Ron Tucker ,Q7364488
John Cohen,Q17514401
Clifton Hoeben ,Q5133249
John Geoffrey Tracey,Q19060983
Edgar Frederick Riek,Q5817691
John Zillman,Q6265327
Percy Allan,Q7167221
John Kerr ,Q1700021
Michael Doohan,Q436025
Annette Knight,Q52656451
Margaret Court ,Q202342
Patricia Kailis,Q16095274
Michael Jeffery,Q355053
Jocelynne Scutt ,Q6207203
George Miller,Q446960
Fiona Stanley,Q1653736
Robert George Gregory,Q41800625
Robyn Rowland,Q28464364
Elizabeth Evatt ,Q5362737
Denise Bradley,Q5257684
David Flint ,Q5233697
Frank Brennan ,Q5478115
Diana Horvath ,Q96274212
Anthony William Linnane,Q21165256
Michael V. Drake,Q6835037
Nick Dondas,Q15485299
Jeanette Adelaide Covacevich,Q21394204
James Hamlyn Willis,Q6135471
John Grey,Q6236320
Ivon Wardle,Q20273952
Don Livingstone,Q5293011
Eva Cox ,Q5415028
Wenten Rubuntja,Q1718537
Frances Margaret McGuire,Q78164427
Celia Rosser,Q5058019
Frank McNamara ,Q531573
Jacqueline Hick,Q20859510
Ian Pearce,Q1655617
Neal Blewett,Q6984063
Kyrra Grunnsund,Q6452570
Mike Kelly,Q3857414
Ken Reinhard,Q20981226
James Burrows Thomas,Q6130555
Richard McGarvie,Q2150186
Peter Graham ,Q7174332
Peter Wilenski,Q16013339
Patricia M. Mawson,Q22109998
Colin Bond,Q5144898
Ronald Strahan,Q61465784
Spencer Grace,Q18392357
Donald McCoy Fraser,Q63213576
Kevin McKinley,Q57081577
Pauline Neura Reilly,Q7155064
Frank Gardner,Q172539
Babette Stephens,Q4837817
Joan Phipson,Q509847
Kerry Walker,Q16267452
William Thomas Cooper ,Q2580765
Eilene Hannan,Q18330765
Edmund Capon ,Q5339363
June Ethel Stephenson ,Q43138139
Rosalie Gascoigne,Q7367191
Helen Lynch ,Q52655484
John Singleton,Q6258000
Lucy Napaljarri Kennedy ,Q6698435
Kevin Bacon ,Q6395762
Adrian Charles,Q85320097
James Grant,Q16206302
Rene Hardenbol,Q19832418
Louise Sauvage,Q432941
Bruce Bowley,Q23900847
Lin Onus ,Q1825603
Susan Gordon,Q47122998
Geoff Shaw ,Q73952061
Robert Southey,Q20642555
Betty Burstall,Q15992823
James Fairfax,Q6133747
Louis Kahan ,Q6687530
Bruce Bennett,Q60371726
Jim Gasteen ,Q77357535
Robert Kemp,Q62066290
Bruce Wallrodt,Q4978414
Donna Burns ,Q19871784
John Brown,Q6223436
Jodi Willis-Roberts ,Q6207921
Sandra Yaxley ,Q7416805
Brian McNicholl ,Q4964747
John P. Brown,Q65621743
Ann Moyal ,Q61974629
Donna Maree Philp,Q5296466
Joshua Hofer,Q19832422
Ralph Slatyer ,Q7288094
Michael Kailis,Q15438968
Ron Penny ,Q79447005
Henry G. Burger,Q46200278
Bill Wentworth,Q6236225
Tom Uren,Q7817908
Donald Metcalf,Q1240162
Sallyanne Atkinson ,Q7405347
Roc Kirby,Q7353658
Michael Johnson ,Q20667583
John Murtagh Macrossan,Q6249995
Michael Clyne,Q260236
John Passmore,Q4346643
James White,Q57572486
John Niland,Q15463350
Clive James,Q2979432
Jacqueline Jarrett Goodnow ,Q6120119
Natascha McNamara ,Q15972525
Robert Somervaille,Q7349912
Bruce Webster ,Q4978443
Geoff Chisholm,Q1502956
Pixie Annat,Q21063057
Don Chipp ,Q1239052
Peter Sinclair ,Q7176959
Barry Maddern ,Q17402463
Tony Parsons,Q42351236
Glenn Withers,Q66424601
Kevin Berry,Q1384683
Alan Head,Q4706847
George Freudenstein,Q5539500
Patricia Mather,Q7145717
James Mollison,Q6139879
John McCallum,Q3182039
Justin O'Brien ,Q20825692
Erica McGilchrist,Q20981197
Sheila Scotter,Q7493145
Wendy Blacklock,Q7982605
Arthur Boyd,Q2865024
Berek Segan,Q57804862
Roger Woodward,Q7359161
Philippa Judith Smith,Q92061572
Keith Middleton,Q60675605
Michelle Den Dekker,Q16728490
Adrienne Clarke ,Q4685688
Charlie Yankos,Q2920317
Trevor Allan,Q3538553
Heather Southcott,Q5694109
William Dunn,Q23585445
Colin Woods ,Q5145695
Andrew Carter,Q56440874
Gwyn James,Q64796825
Beryl Beaurepaire ,Q16089720
Don Kay,Q5292889
Peter Yeldham,Q7177822
Judith Anderson,Q230415
Brett Whiteley,Q176409
Brett Whiteley House,Q87742110
Robert Hughes ,Q1811222
John Perceval,Q6252532
Miriam Hyde,Q3509325
David Wynne Jones,Q92259288
Tony Barber ,Q7821825
Alexander Fraser,Q4718893
Phillip Adams ,Q11995607
Neil Batt ,Q6988277
Issy Pilowsky,Q6088460
Fred Hollows,Q3086860
Thomas Davey,Q61741890
Peter Isaacson ,Q7174837
Renfrey Potts,Q2143941
John Mulvaney,Q6249788
Bill Peach,Q15429566
Tony Eggleton,Q7822278
Ron Casey,Q7363610
Nicholas Shehadie,Q3339675
J. J. C. Smart,Q600759
Hal Wootten ,Q16089710
Basil Hetzel,Q15504776
Basil Hetzel Institute,Q43896771
Geoffrey Kellerman,Q51818041
Joan Child,Q6204942
Gill James,Q5561893
Susan Ryan,Q7648344
Ron Davies,Q7363676
John Taylor,Q16856011
Nancy Millis ,Q6962855
Elizabeth Nesta Marks,Q23035502
Jim Morrison,Q28059469
Jack Dyer ,Q1677019
John Baker,Q6220396
Kath Venn,Q6376062
Joseph Brown,Q6281745
James Gleeson,Q5925755
Rodney Hall,Q2161185
Bob Whan,Q4934353
Marjorie Jackson-Nelson,Q240073
June Marie Healy ,Q38321698
Gaby Kennard,Q5516157
Duncan Armstrong,Q652850
Sally Carbon,Q7405099
Jenny Cheesman,Q3807906
Elisabeth Murdoch,Q713195
Ted Harris,Q7693270
Bob Maguire,Q4933231
Arthur Hewson,Q4799058
Brian Frank Martin,Q4963783
Wendy McCarthy,Q19668182
Richard Kingsland,Q7327088
John Newcombe ,Q312464
William Hayes,Q56876827
Mary Durack ,Q6779356
Mary Durack Island,Q21943548
Noel Ferrier ,Q7046938
Howard Taylor,Q5921021
Nita Veronica Pannell,Q98135611
Yvonne Kenny,Q523892
Patrick Troy,Q55966328
Kathleen Taperell ,Q17198785
James Bradley,Q6130122
Ian Knox,Q24005673
Lawrence O'Donnell,Q6504428
Robert Story ,Q18166629
Colin Watson,Q5145662
John Devitt,Q127672
Gustav Nossal,Q1556241
Keith Norrish,Q47847860
Edwin Russack,Q16866525
Peter Ross-Edwards,Q17404075
Margaret Manion,Q29452663
Laurence Street,Q6500894
Russell Walter Fox,Q7381850
Michael McHugh,Q6832720
Andrew Wells,Q56060901
Francis Burt,Q365472
George Blaikie ,Q5537033
George Sparnon,Q68110509
Nan Waddy ,Q56169627
James Jarvis,Q55077191
Leslie Lazarus,Q20737695
Joy Brann ,Q71089146
Ron Mulock,Q7364194
Malcolm Fraser,Q315979
Marie Bashir ,Q1897276
Douglas Joseph Warren ,Q435251
Ian Constable,Q5981255
John Gorton,Q356411
Merv Everett,Q6820797
Wayne Gardner,Q723003
Sam Coffa,Q45328747
David Graham ,Q2042823
Alessandra Pucci,Q67819616
Terry Gathercole,Q3984810
Pat Clohessy,Q26724223
Ken Woolley ,Q6388721
Rosemary Wighton,Q64788339
Margaret Stones,Q922770
Annemieke Mein,Q4768999
Elizabeth Jolley,Q461902
Tom Hungerford,Q7816276
John Roberts,Q6255181
John Charles Robertson,Q66813266
Tom Bass,Q747973
Dorothy Auchterlonie,Q5298297
Mary Fairfax ,Q6779516
Tommaso D'Orsogna ,Q915411
Jean McCaughey,Q38325572
Reg Kermode,Q93448062
David Bell,Q15111593
Arthur Beetson,Q2864988
Greg Norman ,Q381941
Weary Dunlop,Q3048501
Ron Walker ,Q933735
Nancy Borlase ,Q6962570
David Gulpilil ,Q731111
Roger Kemp,Q7358443
Kira Bousloff,Q20679268
Rica Erickson,Q4357043
Harry Seidler,Q85669
John Bell,Q6221426
Robert Walls,Q24005766
Leonard Webb,Q96205761
Bruce Rosier,Q4978226
Helen Alma Newton Turner,Q21489878
Davis McCaughey ,Q1178152
Harvey Barnett,Q17626475
Ian Castles,Q5981152
Alban Lynch,Q77031697
Len King,Q6521849
Gil Duthie ,Q5560501
Ralph Jacobi ,Q7287707
Arthur Whyte ,Q18658538
Bill Borthwick,Q4908205
Elizabeth Grant,Q5362866
Harry Gibbs,Q5669075
Alexandros Cambitoglou ,Q2641887
Stephen Wurm ,Q577978
Fred Gruen ,Q5495319
Joan Montgomery ,Q60329872
Rosemary Crossley,Q7368341
Hurtle Lupton,Q5948768
Ken G. Hall,Q1738601
Betty Allan ,Q21537623
Murray Gleeson,Q6939251
Robert Jackson,Q7346006
Alec Fong Lim,Q4714135
Brian King,Q16017453
Wendy Chapman ,Q55077237
Donald Simmons,Q19605075
John Duncan,Q18379593
Gordon Reid,Q1538078
Mick Miller,Q6838336
Malcolm Blight ,Q6742191
John Newham,Q6250344
Milo Dunphy ,Q17483907
David Parker,Q5238384
Brenton Langbein ,Q28068957
Keith Simpson ,Q23617485
John Shaw,Q6257475
Geoffrey Serle,Q5534891
John Toohey ,Q6261017
Ranald MacDonald,Q75492902
Walter Jona ,Q7965292
Trevor Haworth,Q19845176
Stephen Holland,Q1371916
Walter Bridgland,Q7965449
Franco Belgiorno-Nettis,Q5484519
George Golla,Q5539784
George Gollan ,Q5539785
Hugh Wirth,Q16105249
David P. Craig,Q5238303
Hugh Alexander Dunn,Q677409
Robert Reid,Q2158581
Peter Dunn,Q7173769
Tony Ayers ,Q16095184
Molly Byrne,Q19560183
Janice Bateman,Q50366734
John Truscott,Q1117915
Ray Gietzelt,Q7297523
Max Walsh ,Q15436172
Genni Batterham,Q38549983
Harrison Bryan,Q22958644
Beverley Raphael,Q89192807
William Ride,Q4019979
Donald Robinson,Q5295079
Graham White,Q466138
Stephen Hamar Midgley,Q65714659
Michael Hudson,Q6831274
David Leach ,Q5236395
Jim Wallace,Q6198737
Bob McLeod,Q4933368
Geoffrey Bolton,Q5534462
Milton Moon,Q6861345
Faye Lo Po',Q5438982
Naomi Mayers,Q20985508
William Kidston,Q8013991
Bertie Brownlow,Q4895610
Pauline English ,Q7155009
Ronald John Yates,Q7364993
Kevin Coombs,Q6396063
Richard Burt,Q27923016
Jim Warburton ,Q75506504
Gordon Jackson,Q5585356
George Ogilvie,Q3101803
Richard Bonynge,Q528300
David Watson,Q5240870
Robin Gibson,Q7352415
Andrew Andersons,Q4756211
Thomas Keneally,Q298334
Raymond Berg,Q16840604
Geoffrey Mayne ,Q5534772
Ernest Pease Hodgkin,Q30335960
Lindsay Pryor ,Q2886672
Reginald Claude Sprigg,Q2138025
Donald Banfield ,Q18658528
Margaret Fulton,Q6759431
Dawn Bennett ,Q60023463
Peter Weir,Q55424
John Bloomfield,Q6222244
George Joseph ,Q25183408
Charles Court,Q3308826
Barry Humphries,Q734221
Enid Bosworth Lorimer,Q16010045
Bob Brissenden,Q24041208
Brian Crossley,Q18763708
Samuel Jacobs,Q52334520
Barry Hickey,Q809052
Peter Cooper ,Q2075218
Julian Stefani,Q16105222
Yami Lester,Q8048048
Sybil Craig ,Q20887153
Kym Bonython,Q6451719
David Ireland ,Q978089
Nancye Hayes ,Q20676933
Margaret Sutherland ,Q6759944
John Andrews ,Q436649
Peter Powditch,Q20857511
John Dowie,Q6229983
Jack Sweet,Q23071450
Renfrey De Garis,Q18645713
Percy Williams ,Q18165932
Julius Stone,Q1713010
Garfield Barwick,Q1445155
Raymond Begg ,Q7298590
Mary Ursula Grachan ,Q98025752
Stephen Murray-Smith,Q2344989
Henry Mayers Hyndman,Q28051181
A. A. Phillips,Q4647484
Eric Barnard,Q16089896
Keith Smith,Q6385041
Doug Waterhouse,Q5300991
Tony Greatorex,Q26267400
Ralph Harry ,Q12354389
Eddie Charlton,Q1277286
Joy Twining ,Q1326252
Sydney John Jenkins,Q21538373
Neil MacLeod,Q6988902
Andrew John Robertson,Q61679274
David Fleay,Q3017915
Russell Drysdale,Q3453456
John Coburn ,Q4427258
Queenie Ashton,Q7270704
Don Banks,Q3035723
Mario Feleppa,Q18668726
John Langdon Bonython,Q6243975
Helen Cutler,Q55957518
John Rosewell ,Q16023296
Peter Brock,Q1783224
Grace Edwards,Q49884400
Ray Mitchell,Q65031266
Rudolph Brasch,Q7377398
Michael Shannon,Q20808796
Douglas Stewart,Q5302000
Marea Gazzard,Q6758741
Bruce Alexander McDonald,Q15968104
Norman Chaffer ,Q15487202
George Althofer,Q5536212
Geoffrey Ayling,Q31211718
Don Bradman ,Q313591
Lloyd Evans ,Q6662416
Reg Downing ,Q7307762
Don Dunstan ,Q515924
Frank O'Keefe,Q5488755
John Jefferson Bray ,Q6241752
William Macmahon Ball,Q8015011
John Coumbe,Q20679438
Fred Daly,Q5494954
Gough Whitlam,Q23333
Tony Luchetti ,Q4772968
Bill Neilson,Q4910321
Alan Lind,Q21604884
Jack Oatey ,Q6114427
Ron Barassi ,Q3441366
Jack Studdert,Q6115382
Alexandra Hasluck ,Q539553
Paul Cullen ,Q7150049
Peter Spillett,Q26267295
Colin Thiele,Q1108703
John Whitelaw ,Q6263849
Tom Roberts,Q1291901
John Tonkin ,Q6261011
Robert Clampett,Q56876809
John Lazar ,Q6244252
Charles K. Bliss,Q112877
Vi Jordan,Q16010016
Robert Menzies,Q214438
Bernard Mills,Q4293579
Nancy Tyson Burbidge ,Q6963048
Anthony Synnot,Q4773548
Elsie Curtin ,Q27832576
Jack Gerke,Q15971207
Vincent Lingiari ,Q2526670
Phillip Law,Q2088038
Irene Greenwood,Q38565501
Ernest Smith,Q5393818
Elwyn Lynn,Q5368375
Manning Clark,Q1890752
James McAuley,Q1680781
Joan Sutherland,Q207269
Paddy Pallin ,Q7123591
Stuart Clarence Graham,Q7626412
Lindesay Clark,Q6552445
Eric Reece ,Q5387341
Joy Cummings,Q52295095
Betty Bryant,Q19871317
Ted Baillieu,Q1378246
Anne Astin,Q22276881
Roger Steele ,Q7358951
Ian Stewart,Q68359933
Barry O'Farrell ,Q1803998
Jacqui McGill ,Q83834568
Anne McEwen,Q4768636
John Harvey,Q6238143
Genevieve Bell,Q5533059
Anthony William Thomas,Q4773718
Robyn Williams ,Q4470099
Gael Jennings ,Q17517120
Christopher John Quinn,Q14184327
Jeffrey Goldsworthy,Q6176006
Fiona McLeod ,Q23308429
Sarah Bradley,Q7422125
William John Mitchell,Q1502565
Helen Leake,Q83668709
Rachelle Buchbinder ,Q28036349
Diana Egerton-Warburton,Q56046771
Peter McIntyre ,Q7175790
Lea Waters,Q91670334
Justin Yerbury,Q25849249
Jane Turner ,Q6152857
Jane Freemantle ,Q85895279
Albert Bensimon,Q4709738
Tim Minchin,Q23527
Keith Urban ,Q315547
Clare Wright,Q16864495
Emily Cox ,Q5372121
John Zerunge Young,Q16187378
Hugo Weaving ,Q42204
Harriet Edquist,Q21104177
Kate Mulvany,Q22007082
Douglas Lawrence,Q5301717
Alison Ritter,Q57525749
Jane Hansen,Q83833358
George Savvides ,Q5544315
Sam Lipski,Q7407796
Peter Combe,Q7173352
Sharman Pretty,Q83687466
Linda George,Q6551587
Mary Featherston,Q86944312
James Gorman,Q6134766
Ilana Atlas,Q83678895
Mary Crawford ,Q6779260
Elaine Carbines ,Q5353175
Raymond Specht ,Q3277170
Linley Martin,Q83834009
Rachel Webster,Q22915122
Richard Broome ,Q7324383
Raelene Frances ,Q83804735
Anthony J. Guttmann ,Q51914744
John Dewar,Q6229302
Joan Cribb,Q21509507
Raymond Brownell ,Q7298627
Gregory John Keighery,Q5885622
Carly Findlay,Q58007963
Michael Bowden,Q6828756
Larissa Behrendt ,Q15499846
Cindy Shannon,Q52488323
Anne Trimmer,Q83836035
Peter Ford ,Q7174036
Leo Maguire,Q6524021
Elena Ilina,Q39052654
Kate Hilda Moore,Q88659301
Daniel Hurley ,Q1160591
Elizabeth S. Dennis ,Q17517048
Kitty Chiller,Q17626568
David Malin,Q5237073
Mary Garson,Q29033549
Andrew Pitman,Q4758280
Margaret Stone,Q6759926
Barry House,Q4864320
Stan Evans ,Q7597624
Warren Truss ,Q591604
Geoffrey Nettle,Q16259481
Michelle Gordon,Q19873848
Tara Brabazon,Q7685035
Michael Clarke,Q1428440
Adele Ferguson,Q61050992
Alan Kohler,Q4707091
Kathryn North,Q21062251
John J. McNeil,Q43110705
Sharon R. Lewin,Q37618308
Jane Fisher,Q37371139
Janie Mason ,Q73443067
Melanie Wakefield,Q96122930
Maria Kavallaris,Q61113429
Helen Christensen,Q16204130
Anita Jacoby,Q20924009
Chris Mitchell,Q2964804
Kevin Sheedy,Q6397484
Roy Emerson,Q312545
Raymond Holmes,Q69618362
Hilton Clarke,Q18349502
Mike Fitzpatrick,Q6846842
Mark Casey,Q27922302
Gareth Evans ,Q381902
Mark Fraser,Q19873539
Jean McLean,Q6171164
Rhonda Galbally ,Q7321367
Lou Bennett ,Q6685369
Ian McLean,Q5982332
Sophie Masson,Q7563034
Warwick Smith,Q7971193
Jennifer Rowe,Q2460840
Romilly Madew ,Q72124218
Elena Kats-Chernin,Q273213
Banduk Marika,Q64025668
Kathryn Campbell,Q20740690
Lynne Williams,Q83437910
Cornelia Frances ,Q2904828
Kylie Minogue,Q11998
Geoffrey David Todd,Q43138874
Stan Perron,Q7597831
Ronni Kahn ,Q7365770
Pauline Gandel,Q61056754
Patricia Forsythe,Q7145585
Malcolm Broomhead,Q52833391
Sandra Harding,Q90209148
Luke Sayers,Q92095829
Harold Luntz,Q16104710
Lyndall Ryan ,Q15493494
Lynette Russell,Q55740845
Christine Townend ,Q17198806
Judy Raper,Q64748712
Frank Bongiorno,Q59782514
Chrissie Foster ,Q68195019
Matthew Condon,Q6790327
Ross Dunning,Q28428590
Ross Dunne,Q7369300
Ian Thorpe ,Q185044
Julie McCrossin,Q6308380
Bronwyn King,Q75732840
Pantjiti Unkari McKenzie,Q87025811
Lynette Silver,Q20882040
Dulcie Flower,Q83442396
Robert Taylor ,Q944529
Caroline F. Finch ,Q37837260
David Thomson,Q5240396
Janet McCalman ,Q47497441
Mickey Dewar ,Q29639545
Chloe Munro,Q70276565
Dorothy Isaksen,Q5298468
David Handelsman,Q42290742
Michael Coper,Q65091680
Rhys Jones,Q47497415
David W. Kissane ,Q28315239
Patrick Daley,Q7146320
Evonne Goolagong Cawley ,Q228559
Carol Martin,Q52149987
Heather McKay ,Q538855
Betty Cuthbert ,Q166534
David Johnston ,Q16730377
Mark Brewer,Q30123188
Belinda Clark,Q3195953
Michael Turtur,Q268352
John Gaden,Q19873597
Hugh Anderson,Q75623025
John Siddons,Q6257825
Susie O'Neill,Q45350
Gillian Rolton ,Q275533
Ingrid Moses ,Q6033244
Ezio Rizzardo,Q15809092
Vanita Parekh,Q80102552
Michael Barber,Q25183911
Jennifer L. Martin ,Q17517193
Peggy Brown Nampijinpa,Q86742582
Martin Banwell,Q6774939
Meg Lees ,Q6665972
Gregory Clark,Q47497389
Scott Sloan,Q15847000
Maree Teesson,Q47985601
Liz Ellis,Q6660117
Karrie Webb,Q271024
Mukesh Haikerwal,Q6933432
Michael Scott,Q61978870
Ted Pickering ,Q7693605
John Castrilli ,Q6225512
Anthony S. Weiss ,Q24026250
David Sinclair ,Q5239823
Shane Gould ,Q231374
Michele Timms,Q2019543
Jozefa Bronislawa Sobski,Q92063682
Lucette Aldous,Q6696526
Dennis Young,Q5259088
Pat Hoffie ,Q76682420
John Mildren,Q6248727
Janice Ferguson,Q57080969
Allan Fife,Q76788845
Sue-Anne Wallace,Q57534749
Bruce Maslin,Q2926444
Bernard Salt,Q4893618
Archibald Park,Q15999360
Ranjana Srivastava,Q26702925
Peter Jones,Q2654746
Emma McKeon,Q14638241
Kevin Bell,Q6395823
John Hamilton Bowie,Q11206860
Kim Brennan ,Q576663
Stuart Mayer ,Q17198330
Peter Woolcott,Q17061673
David McKee,Q20742222
David McKee Wright ,Q5237392
Colin L. Masters,Q1108510
Rebecca Peters ,Q7301864
Larry Sitsky ,Q6491115
Andrew Justin Stewart Coats,Q4757555
David L Vaux ,Q50663891
Susan Wakil,Q83499481
Mark Webber ,Q82667
Richard P. Harvey ,Q24067156
Phil Kearns,Q3378800
Robbie McEwen ,Q317118
Rosemary Craddock,Q69386682
Max Lu ,Q24572188
Melinda Gainsford-Taylor,Q456778
Joanna Gash,Q6205834
Carol Liston,Q63940037
Greg Craven ,Q5605448
Jane den Hollander,Q6152989
Helen Durham,Q18808576
Ahmed Fahour,Q16119735
Mick Fanning,Q1140016
Paul Kelly ,Q952656
Ken Lay ,Q6388005
Bob Ellicott,Q4932363
Julia Gillard,Q41563
Andrew Bruce Holmes,Q4756462
Martin Parkinson,Q16734169
Kate Warner,Q18571481
MaryAnn Bin-Sallik ,Q55106303
John Brumby,Q3108047
Nick Cave ,Q192668
Keryn Williams ,Q28530096
Sir Charles Gregory Wade ,Q2960419
Madison Wilson,Q20754732
John Williams,Q6264319
Tiffany Thomas Kane,Q21063491
Robert Cook ,Q7343082
John Crook,Q6227714
Lou Lieberman,Q6685602
Neville Marchant,Q9049700
Lleyton Hewitt ,Q180104
Lisa Wilkinson ,Q12072926
Joseph Tawadros,Q6287369
Warren Pitt,Q7970426
Robert Pontifex ,Q23020623
Geoffrey Simpson,Q3105259
Barry Wilde,Q4864893
Geoff Williams ,Q5534377
Andrew Vlahov,Q658819
Fred Johnson ,Q15998830
Fred Johnson Park,Q21929134
Maureen Hartung,Q71233194
David Goodall,Q5240703
Geoff Lyons ,Q5534212
Nick Garratt,Q7027166
Tracey Moffatt,Q1284772
Brendan Nelson,Q908749
Susan Spence,Q19879319
Susan Stocklmayer ,Q58333669
Henry Ergas,Q5720872
Patricia Vickers Rich,Q1687903
Chennupati Jagadish,Q22277337
Rod Laver,Q105550
Allan Myers ,Q17306322
Maria Myers,Q22262370
Mary O'Kane ,Q22262375
John Pascoe,Q6252008
Mike Rann ,Q3108729
Michael Andrew,Q17627258
Elizabeth Broderick ,Q17505046
Geraldine Brooks,Q260011
David Walsh,Q5240807
Richard Ackland ,Q7323629
David Evans,Q17385895
Joseph Forshaw,Q1707628
Jackie French ,Q542933
Michael Aird ,Q6828140
Patsy Biscoe ,Q7148219
Heather Reid,Q63676256
Betty Kitchener,Q4898881
Craig Knowles,Q5181125
Bob Lay ,Q26728660
Peter Lloyd,Q1671184
Stephen Loosley ,Q7609817
Daniel McDaniel,Q16732270
Ann Symonds ,Q4766698
Graeme Watts,Q51902229
Brian Withers,Q56034944
Stuart Smith,Q6134617
Adrian Pagan,Q4685258
Brendan Crabb,Q16196411
Janice Reid,Q50300282
Layne Beachley,Q433859
Stephen Brady,Q7608762
Milton Hearn,Q20950027
Trevor Huggard ,Q47527055
Martin Holzberger,Q16729894
John Croucher ,Q30348972
Ros Croucher ,Q30342495
Deborah De Williams ,Q5248227
Yvonne Hill,Q11903103
Charlie King ,Q5085119
Barry McHugh,Q61961028
Diana Warnock ,Q5271336
Rachael Sporn,Q2021635
Angus Houston ,Q2849811
Jacki Weaver,Q241897
Anne Hoggett,Q64200571
John Bryson ,Q6223706
Carol Cooke ,Q5044294
Robert de Castella,Q728634
Michael Egan,Q6830088
Penny Flett,Q39756499
Richard Johnson,Q7326891
Peter Muller,Q7175983
Bob Oatley,Q22001998
Rosemary Owens ,Q16202701
Dawn Lawrie ,Q5242462
Ruth Fincher,Q17509076
Kieran Modra ,Q6405429
Ian Campbell,Q16202249
Edward Byrne,Q5342122
Brenton Broadstock ,Q392099
Geoffrey Rush,Q166272
Andrew A. Burbidge,Q36499932
Rob Moodie ,Q7340387
Alicia Coutts,Q2075312
Cate Campbell,Q261594
Adrian Gibson,Q16097763
Nazim Erdem,Q6983456
Peter Doak,Q510222
Lucinda Dunn,Q38362723
Brittany Elmslie,Q2739656
Bernard William Smith,Q822710
Bill Stefaniak ,Q4910989
Liesl Tesch,Q6544335
Patrick Thomas,Q7147724
Conall O'Connell ,Q16733586
Margaret Rodgers ,Q17171162
Albert Green ,Q4710351
Stephanie Morton ,Q7608347
Robert J. O'Neill,Q7345949
Noel Maughan ,Q16104498
Cody Meakin,Q5140452
Ryan Scott,Q7384496
Sally Pearson ,Q6026
Todd Hodgetts ,Q7812439
Ruth Milne Hall,Q18044005
Yolane Kukla,Q1966907
Prue Watt,Q7253016
David Wells,Q55397009
Michael White,Q786213
Tom Stephens,Q7817684
Bill Wood,Q4911422
Alan Clough,Q19872344
Donald Cameron,Q5294129
Michael Hintze,Q6831152
Jack Cross,Q21070070
Roy Jackson,Q75664048
Neil Perry,Q16189442
Abdullah Saeed,Q18639384
Steven Schwartz ,Q7615249
Jane Lomax-Smith ,Q6152492
David Parkin,Q5238394
Peter Llewelyn Roberts,Q47090277
Paul Guest ,Q24005611
Ted Hamilton,Q16104676
David Graham ,Q2042823
Joseph Fleming,Q19665605
Peter Goers,Q7174272
James Goldrick,Q6134711
Margaret White ,Q16106505
Roger W. Byard,Q37841925
Jillian Gallagher,Q78170637
Bonita Mabo,Q4942068
Natalie Miller,Q63508202
Marilyn Renfree ,Q16116500
Brian Schmidt ,Q201452
James Allsop ,Q6128666
Janet Thomas,Q50345091
Peter Weston ,Q9299873
Greg James ,Q5605766
Rod Boswell,Q19871496
Michele Bruniges,Q6836707
Russell Cooper ,Q3453451
Eugenie Lumbers,Q56249815
Carol Woodrow ,Q44881830
Mandyam Veerambudi Srinivasan ,Q11250745
Rhonda Sharp ,Q17180931
Peter McPhee,Q7175824
David Russell ,Q15972356
Stirling Mortlock ,Q737072
Maggie Beer ,Q6730185
Ricky Ponting ,Q472649
David James Skellern,Q19668738
Rosemary Balmford,Q53333930
Alan Bartholomai,Q21502419
Robyn Layton ,Q44168088
Virginia Bell ,Q7934142
Diana Bryant ,Q5271112
Kerry Hill,Q6394544
Richard Menhinick,Q7327773
Thomas Payne,Q23035617
Helen Sham-Ho,Q5703127
Gus Mercurio,Q1555323
Peter Morris,Q7175954
Oscar Whitbread,Q16893633
Peter Somerville ,Q7177029
Alexander Stuart,Q2833215
Sabina Wolanski,Q2209560
Torah Bright,Q264875
Jeff Hook,Q6174087
Denis Edwards,Q55989696
Neil Hamilton Fairley,Q2641921
Steve Glasson,Q7612665
Barbara York Main,Q21338740
William Pickering ,Q8016872
Elisabeth Cummings,Q5361447
Michael Keenan ,Q6831813
Roger Smalley,Q15498610
Charles Teo,Q5082886
Gerard Vaughan,Q27131873
Noel Whittaker ,Q7047256
Elizabeth Cosson,Q5362622
Auriel Andrew,Q4822366
Jill Slay ,Q67173365
Elke Neidhardt,Q110124
Penelope Diane Olsen ,Q7162564
John Parkes ,Q6251938
Peter Costello,Q2546246
Penelope Wensley ,Q434284
Owen Peter Coaldrake,Q7114597
Anne Levy ,Q4768535
Tony McMichael,Q17011218
Margaret Thorsborne ,Q6759962
Graham Gunn ,Q5592871
Mark Loane,Q3294151
Bille Brown ,Q862784
Jim Collins,Q20988904
Paul O'Sullivan ,Q2796190
Richard Tognetti,Q3431272
Bruce Baird ,Q4977100
Elizabeth Blackburn,Q26321
Robert French,Q7344540
David Hurley,Q5235277
Bruce Debelle,Q56050395
Ray Groom,Q524500
Jeff Harmer,Q16136210
Wendy E. Hoy,Q37831174
Jenny Gregory ,Q58146106
Ian E. Grey,Q20058768
Roger L. Kitching,Q27346803
Byron Lamont ,Q5004408
Peter Goldsworthy,Q5763170
George Cash,Q5537741
Max Coltheart,Q1912372
Annette Dobson,Q4769065
Patricia Giles,Q16090810
Merilyn Liddell,Q56876716
Edward William Davies,Q5345896
Kelvin Kerkow ,Q6386689
Bruce Thom,Q4978356
Fred Watson,Q1452552
Reg Watson ,Q2065637
Djambawa Marawili,Q21454246
Michael Bohl,Q5580695
Robyn Walker,Q16193428
Andrew Nikolić ,Q4758125
Mark Skidmore,Q16193368
Betty Moore ,Q2900256
Talal Yassine ,Q7678845
Greg Crafter ,Q16106592
Richard Divall,Q15967318
Wayne Bartholomew ,Q3566818
Richard Wilson,Q7330029
Ronald Sackville,Q7365258
David Morgan,Q5237706
Pauline Ladiges,Q17517146
Ray Borner,Q3420478
Angie Bainbridge,Q1905445
George Campbell,Q5537635
Louise M. Burke,Q39674940
Julianne Schultz,Q6307874
John Price,Q6253388
Margaret Staib,Q6759912
Robert Pontifex ,Q23020623
Brett Stibners,Q4962394
Emma Snowsill,Q257049
Emily Seebohm ,Q240668
Wendy Whiteley,Q7982823
Tarnee White,Q1761135
Nathan Wilmot,Q3503428
Mark Schwarzer,Q159057
Felicity Galvez ,Q271208
Duncan Free,Q1265388
Lara Davenport,Q2416678
David Crawshay,Q1174097
John Foster,Q6233731
Jean Elsie Ferguson ,Q24239526
Matthew Dunn,Q1400267
W. H. Edwards,Q66854861
Adrian Leo Doyle,Q372868
Bill Casimaty,Q65679969
Deb Cox ,Q21005455
John Halbert,Q6237247
Tony McGrady,Q7822929
Tim Horan,Q3528646
Marcia Hines,Q6757110
Marilyn Darling,Q56147291
Kim Beazley,Q304561
Kylie Palmer,Q264433
Melanie Schlanger,Q271211
Shayne Reese,Q2415174
Katrina Porter ,Q6377968
Rebel Penfold-Russell,Q7302045
Rick Pendleton,Q7331638
Stephanie Rice,Q228660
Linda Mackenzie,Q444902
Lesley Campbell ,Q57054824
John Bennison,Q30230397
Mark Sullivan,Q17010973
General Michael Hindmarsh,Q6847244
Louise Adler,Q6688598
Mike Archer,Q957612
Glenn McGrath ,Q1392178
Tony Vinson,Q7823626
John Harvey ,Q6238124
Les Abbott ,Q67056053
Paul Grundy,Q7151031
John Carrick,Q6225275
Susan Crennan ,Q15501761
Lindsay Fox,Q6552707
Jack Brabham,Q2125
Dean Brown ,Q3020626
Nancy Fairfax ,Q65115506
David Moore ,Q5237682
Bob Shirlaw,Q4933973
Suzanne Rutland,Q1619352
Alexander Floyd,Q4718870
Tibor Gonczol ,Q20807642
Elizabeth Little ,Q3051240
Eric Kent,Q5386877
William Holmes,Q8012439
David Kemp,Q28037717
Kenrick Tucker,Q20757572
Alasdair Webster ,Q4708447
Marcel Weyland,Q6756251
Alisa Camplin,Q271586
Douglass Baglin,Q59533008
William Foster,Q8009242
David Clyde Dridan,Q43129736
Ian R. Johnston,Q5982656
Ian Knop ,Q5981997
John J McGrath,Q39061421
Robert Ingpen,Q3295484
Fred Finch,Q5495133
Denise Green ,Q20856724
Michelle Haber,Q17523836
Len Eacott ,Q85171264
Paul Pholeros,Q15430944
Michael Ramsden ,Q1928970
Neil Robson,Q11884127
Les Perry ,Q6529857
Zali Steggall ,Q145103
John Reddish,Q19666968
Joy Hruby,Q6297154
Harry Hunter ,Q5669888
John McCarthy,Q6247450
John F. G. Wilkinson,Q29075926
Dennis Green,Q5258464
Kevin Hamilton ,Q18387889
Stan Marks,Q7597777
Ken Henry,Q6387778
Barry Marshall,Q202136
Bridget Ogilvie ,Q4966739
Peter Shergold,Q7176902
Robin Warren ,Q208670
John Bannon,Q3180992
Peter Cundall,Q7173472
Margaret Court ,Q202342
Margaret Court Arena,Q732679
Maurice de Rohan,Q22958940
David Murray,Q5237838
John Olsen,Q3182215
John Perry,Q52232372
Bob Simpson ,Q2738939
Doreen Akkerman,Q59192720
Gavin Brown ,Q5528082
Janice Crosio,Q6154225
Mike Barnett,Q25184175
Val Jeffery,Q26196464
Trevor Johnson,Q7839238
John Kerr ,Q1354851
H. Margaret Wilson,Q58030897
Bev Harrell,Q58487200
Jill Hellyer ,Q6192862
Anne Davies,Q4768257
Jeffrey Sayle,Q69496137
Mike Williamson,Q6849288
Arthur Marshall,Q4799656
Peter Montgomery ,Q7175927
Doris Pilkington Garimara ,Q1245297
Mervyn Rose,Q913948
Amin Saikal,Q4746323
George Hampel,Q5540195
Neville Jeffress,Q7004738
Ian Lacey,Q5982004
Michael Wenden,Q706637
Lyn Swinburne,Q16151990
Peter Toogood,Q17429454
Lisa Gasteen,Q3117430
Robert Jacks ,Q7346002
Frank Cameron Jackson,Q1365057
Con Sciacca ,Q5158005
James Strong,Q6143764
Jeanne Collison ,Q73321696
Nicole Kidman,Q37459
Harry Messel,Q11171908
Kerry Stokes,Q6394668
Ken Michael,Q185788
Alan Hopgood ,Q4706887
Anthony Kyle Irvine,Q19950101
Harry Edwards ,Q16019373
Nicky Downer ,Q52386992
John P Keeves ,Q89622262
Warwick Parer,Q6035315
Florence Pens ,Q55103630
Joan Sheldon,Q6205444
Margaret Nyland ,Q43819716
Antony Kidman,Q18016920
Henry Simpson Newland,Q15488706
Ken Matthews,Q16732157
Fred Stolle ,Q54671
Jean Calder,Q55761261
Enid Campbell ,Q5378859
Tim Fischer ,Q7803494
Jeff Kennett ,Q3176518
Michael Alpers,Q6828190
Bryan Beaumont ,Q4979974
Derek Denton,Q5261917
Keith White,Q21598416
Keith Whitehead,Q76658459
Petria Thomas,Q232816
Chantel Wolfenden ,Q5072637
Stephen Wooldridge,Q329674
Wendy Richardson,Q7982770
George Petersen ,Q5543366
Giaan Rooney,Q447501
Sarah Ryan,Q3950349
Jessicah Schipper,Q235909
Stuart O'Grady ,Q145469
Peter Dawson ,Q716783
Matt Cowdrey,Q3299692
Robert Duncan,Q50276608
Salvatore Coco ,Q7406638
Ben Austin,Q4885244
Mark Waugh,Q3177366
Roy Cameron,Q3468229
Graeme Brown ,Q464838
Clive Bubb,Q5134511
Janelle Lindsay,Q6153063
Brett Lancaster ,Q456612
Libby Trickett,Q270663
John Leo McNamara ,Q6244581
Alice Tait,Q261631
Brooke Hanson,Q272215
Hugh Gilchrist ,Q22959243
Leisel Jones,Q270686
Lindy Hou ,Q6552981
Maurice Hurst ,Q6793215
Gwenneth J. Harden,Q21515490
Harry Michaels,Q5671079
Shane Kelly ,Q2061117
Bob McCarron,Q888102
Judith Green ,Q16196963
John Moore,Q6249252
Bardayal 'Lofty' Nadjamerrek,Q17014874
Ann Sherry,Q17000790
Betty Taylor,Q96065152
Ian Temby,Q5983051
Robert Williamson ,Q2159209
Jimmy Little ,Q3494784
Lesley Barclay,Q38367516
Gordon Briscoe,Q5584909
Rodney Cavalier,Q7356875
Jan Chapman ,Q3161628
Bob Collins,Q3641283
Beatrice Faust ,Q4877146
Victor Warren Fazio ,Q20741891
Michelle Grattan,Q6837057
Ros Kelly,Q15504829
Frank William Gibson,Q18145445
John J. Hopwood ,Q56815974
Nina Bassat,Q21710949
Mary Beasley,Q78549992
Ian Macfarlane ,Q11976756
John Hay ,Q6217729
Graeme Clark ,Q125204
Roger Climpson,Q7357991
Christopher Green,Q5112427
Edward Duyker ,Q337569
Philip Dulhunty,Q60676161
James Jupp,Q6137034
Tony Messner,Q7822968
Julie Hammer ,Q6308225
John Quaife ,Q6253640
Simone Young,Q273672
Alfred van der Poorten,Q2644238
Frank Walsh ,Q15500898
Frank Walshe,Q16000443
Barbara Ker Wilson,Q65037284
Nigel Coates ,Q7032304
Pamela Russell ,Q18166584
Jan Senbergs,Q16105206
Kathy Sullivan,Q16106114
Mary Beckett,Q61961350
Jack Bennett,Q6111241
Andrew Evans,Q4756910
Jack Lang,Q933146
Betty Wilson,Q4899016
Diana Penniment,Q64397548
Earle Backen ,Q21682597
Christopher James Baker,Q96583799
Eileen Kampakuta Brown,Q5349390
Michael Burrows,Q61818726
Lana Cantrell,Q6482830
Frederick Cress ,Q43128831
Leslie Olsson ,Q57572177
John Schaeffer ,Q15526953
Evelyn Scott ,Q25183380
Mark Taylor ,Q2735589
Hilton Forrest Deakin ,Q1618937
Mick Dodson,Q6838143
Franz Kempf ,Q5492847
James Lawson,Q6137871
Wellington Lee,Q15967993
Bob Merriman ,Q22006841
Frank Murphy ,Q19667435
Max Kay,Q64781096
Charles Francis ,Q21597839
Padraic McGuinness ,Q7123909
Jeffrey Heath ,Q88760919
Chris Heyde,Q5106872
Charles Angas Hurst,Q5075146
Garry McDonald ,Q5524187
Bob Day ,Q4932238
Jane Diplock,Q72365805
Gary Gray,Q5525157
Rowena Margaret Armstrong ,Q96588693
Keith Mason,Q6384716
Tim Looker,Q56260327
George Roberts ,Q19282145
Joe Schipp,Q6212229
Rosemary Owens ,Q16202701
Michael Blakemore,Q15463660
George Paxinos ,Q19876896
Geoffrey Opat ,Q68175006
Rosemary Edna Sinclair,Q23682771
Lyn Fragar,Q42836150
Ross Dunning,Q28428590
John Fahey ,Q1700035
Gordon Moyes,Q5585587
Maurice Newman,Q6793374
Carlo Salteri,Q5041602
Joe Baker,Q52352637
Ron Tauranac ,Q173614
David Warren,Q540582
David Campese,Q1173922
Ron Christie ,Q21064052
Daphne Elliott ,Q97657840
Andrew Gaze ,Q504835
Keith Heritage ,Q58815699
Rex Henry Morgan,Q7319209
Ian Maddocks,Q22006499
Maggi Sietsma ,Q6730145
Julie Warn,Q18640549
Percy White,Q7167642
Kevin Smith,Q19981262
Ronald Charles Robertson-Swann ,Q43135898
Henry Nissen,Q16124068
Beth Dean Carell,Q71075722
Henri Szeps,Q1606025
John Henry Olsen,Q43134902
John Hewson,Q1579545
Jeffrey Lucy,Q6176139
Peter Derham,Q7173641
Brendan Hansen,Q4960915
Jean Brodie-Hall,Q52274576
Elery Hamilton-Smith,Q5359456
Myer Rosenblum ,Q6947400
Clive Minton,Q5134631
Bill Kirby,Q1131581
Heath Francis,Q5693454
Greg Smith,Q5606266
Tania Modra,Q7683251
Siobhan Paton,Q622165
Noel Robins,Q7047189
Noel Robinson,Q84974961
Adrian Grogan,Q4685069
Danielle Woodhouse ,Q3702135
Natalie Cook,Q263886
Kerri Pottharst,Q442605
Paul Barnett,Q7149241
Mark le Flohic,Q6770509
Rebecca Feldman ,Q7301735
Matthew Gray ,Q6790588
Daniel Polson,Q5218465
Darren Harry,Q5224954
Brett Aitken ,Q910668
Lisa McIntosh ,Q3811771
Michael Klim,Q715561
Daniel Kowalski,Q558544
Todd Pearson,Q726401
Charles Batt ,Q5075470
Donald Frederick Blaxell,Q4088436
Ian Francis Bell Common,Q3791475
Ian George,Q5981622
Patrick Donachie,Q7146379
Chris Fydler ,Q726490
Grant Hackett,Q318982
Adam Pine,Q2280034
Cathy Freeman ,Q234762
Ashley Callus,Q222892
John Downer ,Q6230006
John Laurence Lambert,Q85846219
Athol Moffitt,Q4815626
Robert Evelyn Porter ,Q47520370
Natalie Miller,Q63508202
Walter Ian Harewood Johnston,Q5981919
Heini Becker ,Q16096830
Peter Jones ,Q27922653
Chris Sumner,Q5108195
John Horvath,Q96265016
Max Moore-Wilton,Q6795025
Clem Christesen,Q1100236
Bruce Goodluck,Q4977562
Ben Humphreys ,Q4885879
Allan Langer,Q2837736
Joseph Mark Gani,Q65679761
Joan Brassil,Q66785179
Berry Durston,Q56226254
John Kundereri Moriarty,Q6243494
Ray Parkin,Q7297930
Les Scheinflug,Q1820577
Peter Moore ,Q7175940
Donnie Sutherland ,Q5296695
Phil Rogers,Q2274284
John Harrower,Q6238009
Frank Farina ,Q710474
Alastair Gordon,Q18222050
Danielle McGrath,Q512658
Michael Maher,Q6832447
Tom Lewis,Q3525352
Jack Mundey,Q6114227
David Hunt,Q5235260
Bruce Gyngell,Q4977596
Richard Hasse Davis,Q7326315
Bill Crews,Q4908613
Maria Skyllas-Kazacos,Q52004490
Edmund Collins ,Q1286491
Ronald Harvey ,Q7364925
Lindsay Cunningham,Q69526226
Malcolm McIntosh ,Q16745007
Bruce William Stillman ,Q991815
Diana Temple,Q60480350
Jiro Kikkawa,Q6203088
John Eales,Q926351
Trevor Flugge ,Q7839151
John McCarthy,Q6247459
Sol Bellear ,Q20675976
Kaye Spence,Q58143294
David Tudehope,Q53870574
Suzanne Cory ,Q1231087
Suzanne Cory High School,Q7650807
Paul Rigby,Q7153232
Christopher Roper,Q5113163
John Moule,Q21070016
John Lord,Q55615211
Jack Butcher,Q6111496
William Dunn,Q23585445
Ben Cropp ,Q2143011
Kim Westwood,Q6409561
William Browne,Q8013438
Kaarene Fitzgerald,Q17309026
Kay Saunders,Q70880291
John Hatton ,Q6238244
Leo Williams,Q6524330
"Sir Rupert Clarke, 3rd Baronet",Q7528923
Frank Ford ,Q5486661
John Millett ,Q16088963
Philip Bacon ,Q65684080
Harold Burnell Carter,Q28843017
Joan Freeman,Q21531658
Richard Mills ,Q7327820
Rodney Seaborn,Q83330947
"Robert May, Baron May of Oxford",Q336397
Michael Noonan,Q6833091
Geoffrey Edwin Summerhayes,Q5534589
Stuart Wagstaff,Q7627198
Nora Heysen,Q3878307
Martin Wesley-Smith ,Q6776869
Fred Hilmer,Q5495456
Slim Dusty,Q607807
James Wright ,Q28756465
Bruce Cowan ,Q2313174
Jennifer Cashmore ,Q6178185
John Ravenhall,Q27975272
Miriam-Rose Ungunmerr-Baumann,Q26705245
John Prior,Q6253448
William Wright,Q1724921
Stanislawa Dabrowski,Q7599087
Paul Couvret,Q7149989
Ken Lowrie,Q16019453
Max Leroy Davis ,Q1912952
Rolf Prince ,Q62606807
Norman Rothfield,Q17403902
Michael Black,Q6828675
Peter Hamilton Bailey,Q39649457
Murray Tobias ,Q16105234
Alf Howard ,Q4721699
John Harber Phillips ,Q6237692
Kenneth Wiltshire,Q6390837
Bob Francis,Q4932458
Valerie Ball,Q61961032
H. Rodney Withers,Q5628527
Bruce Armstrong,Q63705546
Michael John Palmer,Q29053711
Stephen Boyden,Q66736116
Timothy McLaren ,Q14030673
John R. Philip,Q6253969
Danni Roche ,Q5219428
Russell Mark ,Q3357486
Richard Oliver,Q7328163
Megan Marcks,Q6808700
Kate Slatter,Q6375789
Drew Ginn ,Q1258722
Alyson Annan ,Q275287
Tim Matthews,Q7803910
David Evans ,Q5233459
Mark Woodforde ,Q360630
Melissa Carlton,Q6812658
Peter Parrott,Q2077437
Ron Hovey,Q7363941
Christopher Scott,Q5113208
Troy Andrews,Q7846748
Michael Diamond ,Q1927297
Kingsley Bugarin ,Q6413289
Kerry Golding ,Q6394531
Orfeo Cecconato ,Q7101702
Ian Craig,Q5981297
Timothy Maloney ,Q7807384
Troy Sachs,Q7846940
Michelle Andrews ,Q6836903
Julie Nykiel ,Q3811117
Barbara Worley,Q16095937
Eric Richardson,Q22019294
David Theile,Q1176824
Roger Goldsworthy,Q16091192
Fred Chaney,Q15462333
Kerry Sibraa ,Q6394660
Charlotte Anderson,Q5085828
Bob Bottom,Q4931883
Peter C. Doherty ,Q309814
Bill Ludwig ,Q4909968
William Gummow,Q8010270
Trang Thomas,Q52557994
George Walters,Q57572872
Udo Sellbach,Q16017567
John Robert Booker ,Q1701581
Milan Hudecek,Q6850561
Jack Hyett ,Q6113281
Harry C. Giese,Q16014871
George Brown,Q16089648
Albert Ullin,Q56604364
Liz Mullinar,Q6660251
Frankie Davidson,Q63993347
Paul Fitzgerald,Q7150652
Richard Letts ,Q7327351
Evan Walker,Q17402546
Moya Henderson,Q6927578
Madonna Staunton,Q67090439
Ken Scarlett,Q6388442
Joyce Stevens ,Q33100363
Dale Spender ,Q5210637
William Race Allison,Q21539590
Roger Powell ,Q16734678
Joan Paton,Q6205350
Mal Logan ,Q6740616
Anne Boyd,Q2607573
Julie Cliff,Q57879940
Tim Burstall,Q7803256
Bruce Eastick,Q16090285
Michael Keating,Q16105381
Ian Rogers,Q1362091
Paul Wade,Q2056384
Harry Thompson,Q16066762
Michael Joseph Norton,Q6833102
Richard Arthur Ian Drew,Q21389062
Michael James Tyler ,Q3308267
Don Hopgood,Q16104885
Catherine Hamlin,Q524423
Carl Wood,Q692611
Stewart Cockburn ,Q87773545
Yoram Gross,Q54855
Joe Riordan,Q16019536
Frank Mossfield,Q5488558
Peter W. Sheehan,Q64878016
Robert Richardson,Q16105750
Ian Kiernan,Q5981978
Alexander Nelson,Q61646480
Jim Brown,Q6193859
Mollie Gillen,Q2597215
Jack Roberts,Q15996157
Irene Moss ,Q6069158
Concetta Benn ,Q25262266
Christopher Koch,Q1086776
John Curro,Q6227951
Elizabeth Cameron Dalman,Q18389591
Raymond Boultwood Ewers ,Q7298611
Max Germaine,Q16864449
Lex Marinos,Q6537578
Mervyn Ashmore Smith,Q18166179
Marian Sawer,Q59159519
Yvette Amer,Q55063755
Dulcie Flower,Q83442396
Eva Burrows,Q1022204
Douglas Vincent ,Q5302064
Kamahl ,Q2885132
John Brown ,Q637377
Tom Cole,Q26785088
John Sanderson,Q3182423
Guy Green,Q951576
Elliott Johnston ,Q5365675
Doone Kennedy,Q18187065
Thomas Reeve Kaiser,Q10382191
Thomas Reeves,Q7793455
Susan Pond ,Q52424196
Harry Holgate,Q16013862
Bill Grayden ,Q4909203
Kevin Cullen ,Q56293215
Lorraine Dennerstein,Q19872829
Norman Foster,Q16017391
Warwick Forbes,Q41298250
Mark Richards,Q1470097
Jim Peacock,Q6197418
Norman Tindale,Q2119932
Susie Maroney ,Q7649045
Dorothy Hill,Q3037171
Dorothy Hill Medal,Q60756218
Shirley Jeffrey,Q17516072
Ray Whitrod,Q7298286
Stephen Hawkins,Q7609448
Clint Robinson,Q2979342
Kieren Perkins,Q362197
Noel Hush,Q1995372
Jim Furner ,Q19975877
Sam Lipski,Q7407796
Robin Hughes,Q78099898
James Gobbo,Q935115
Bob Cotton,Q4932144
David Malet Armstrong,Q1173590
Leonie Kramer,Q6526614
Kevin Ryan ,Q6397413
Max Hooper,Q23913399
Bartz Schultz,Q61188382
Heather Innes,Q47456181
Ted Egan,Q7693161
Patricia Brennan,Q7145481
Peter Fritz,Q7174103
June Dally-Watkins ,Q6312262
David Tonkin,Q3018895
George Ivan Smith,Q5540976
Barry Tuckwell,Q809108
George Dreyfus ,Q869751
John Williamson ,Q1702184
Jill Perryman ,Q6193008
Eric Charles Rolls ,Q76840007
Bruce Dawe,Q4977359
Leonard Teale,Q6525783
Don Charlwood,Q5292412
Ade Monsbourgh,Q56811718
Max Dupain ,Q3033453
Max Watters,Q84777256
Joseph Stanislaus Ostoja-Kotkowski,Q6287144
Jean Skuse ,Q87996521
Phyllis Frost ,Q7188556
Jim Molan ,Q6196985
Donald Chalmers ,Q5294160
John Canny ,Q6225059
John Coates ,Q6226435
Peter Arnison,Q472596
Helen Reid,Q56887983
Henry Oliver Lancaster,Q28059118
Noel George Butlin,Q21197039
Maureen Brunt,Q28219596
David Malcolm,Q13522497
Arthur Gietzelt,Q4798812
Don Grimes ,Q5292712
Ian Wood,Q5983311
Ainslie Sheil,Q4697493
Alf Rattigan ,Q16745033
Thomas Alexander Johnson ,Q19664705
Sidney Robert Freshwater,Q19878972
John Alexander,Q1281683
David Roderick Curtis ,Q21165887
Dean Mercer ,Q38065570
Kerry Saxby-Junna,Q442173
Wilma Shakespear,Q40510890
Allen Kerr,Q4731736
Edward Bede Clancy,Q547158
Barry Hunter ,Q4864327
Nick Farr-Jones ,Q3339743
John Grant,Q15993028
Maude Bonney ,Q6792288
Peter Abeles,Q7172454
John Cornforth ,Q135154
Darrel Baldock ,Q3016466
Donald Dunstan ,Q1239715
Pat Galvin,Q19873615
David Sadleir ,Q18166305
Ted Pocock,Q23008595
Roger Shipton,Q7358908
Clarrie Millar,Q5127765
Arthur Watson,Q55077265
Evelyn Livingston Billings ,Q5852726
Michael Kirby,Q6831895
Tony Fitzgerald,Q7822344
Roma Mitchell ,Q515889
Thomas Reynolds,Q7793485
James Howard Browne ,Q6136300
Anthony Judge,Q4772860
Johnny Ashcroft,Q6266260
Philip Cox,Q7183384
Bill Wells ,Q20880414
Freda Glynn,Q72815853
Dorothy Ross ,Q17404074
Henry Bosch,Q5718394
Max Olding,Q30240821
Justine Saunders,Q2252671
Bea Maddock,Q4875661
Patricia Scott,Q17054992
Geoffrey Parsons,Q326911
Margaret Somerville ,Q962122
John Oldham,Q6251198
Viola Tait ,Q38769546
Nick Waterlow,Q7028122
Tony Rafty,Q1322680
Colin Lanceley,Q20879124
Max Gillies,Q6794794
Peter Sculthorpe ,Q924162
Albert Arlen,Q4709647
John Gandel,Q6234806
Roberta McRae ,Q7351525
Archie Barton,Q13393125
Ralph Elliott,Q2129584
Paddy Roe,Q7123615
Pat Turner ,Q56102085
Ruth Adams,Q77024421
Richard Bomball,Q28530129
Ian Cooper,Q5981281
Elspeth Vaughan,Q88747384
Elizabeth Catherine Usher ,Q47035000
Isabel McBryde,Q19593762
John Eccles,Q273223
Michael Lardelli ,Q46879989
T. Harri Jones,Q15460120
Ralph Hunt ,Q7287672
Murray Hill,Q18808326
"Laurie Kelly, Sr.",Q6501623
Laurie Kelly ,Q6501627
Mick Young,Q15500212
Kathleen Taperell ,Q17198785
Lindsay Thompson ,Q3241453
Andrew Fleming,Q30126071
Rosemary Goldie,Q1411381
John Boultbee,Q6222571
Frank Arok,Q5485058
Nancy Bird Walton,Q6962560
Western Sydney International (Nancy-Bird Walton) Airport,Q16903158
Kay Cottee,Q4568202
John Lewis ,Q6244734
Jon Muir,Q6271279
Peter Sterling ,Q3376893
Gretna Margaret Weste,Q21612514
William A. Bradfield,Q322706
Noel Vose,Q80474071
David Wynn,Q64788855
Alan Woods,Q16012545
Walter Campbell,Q465245
Tony Blunn ,Q16104395
Adrien Albert,Q4685639
Mal Bryce,Q16106193
Barry O'Keefe,Q16939466
Frank Fenner ,Q714609
Charles Henry Grant,Q16030478
John Young,Q6265212
Louis Waller ,Q6688356
Fay Gale,Q5438912
Deirdre Jordan,Q5252572
Robert Marsden Hope,Q15485366
J. E. Isaac,Q80217231
Sydney Taylor,Q7660168
Sydney Taylor Book Award,Q2373772
Derek Fuller Wrigley,Q5261976
Michael Malone ,Q1928041
Allan Roy Sefton,Q4730948
Elizabeth Eleanor Nissen,Q61440215
Joan Winch,Q26236261
Llewellyn Edwards,Q16096978
Milton Morris ,Q6861349
Don Laidlaw,Q18645771
David Andrew,Q5230778
Les Murray,Q259841
Kathleen Fitzpatrick ,Q6376704
Ann Newmarch,Q19276811
Janet Karin,Q6153421
Stanislaus Ivan Rapotec,Q43135662
Romaldo Giurgola ,Q3036213
Clement Semmler,Q5131405
Jiří Tancibudek,Q6203829
Philip Cox,Q7183384
Geoffrey Chard,Q5534510
Thelma Clune,Q78315337
Ralph Campbell Wilson,Q73320815
Judy Cassab ,Q6304372
Trevor Swan ,Q7839452
Brian Johns,Q21908103
Brian Gibson,Q4963837
Eve Mahlab ,Q5416183
Quentin Bryce ,Q229300
Peter Hollingworth,Q1354229
Clare Stevenson,Q5126256
John Friedrich,Q6234260
Barrie Lawson West ,Q4863534
Jean Primrose Whyte,Q84759111
Ralph Sarich,Q7288063
William Deane ,Q267745
Nigel Bowen ,Q1563218
Gerard Brennan ,Q3778295
Peter Scott,Q7176832
Ron Casey,Q7363611
David David ,Q85171499
David Penington,Q5238499
Colin Jamieson ,Q5145237
Neville Wran,Q1429468
William Heseltine ,Q8012278
Robert Evans,Q944851
Max Basheer,Q6794560
Neale Fraser ,Q715173
John Avery,Q16106169
William Edward Murray,Q462703
Ingo Renner,Q3150949
Dale Caterson,Q47306756
Ion Popa,Q6063285
Andrew Cooper,Q4756670
Richard Carter,Q7324644
Peter Antonie,Q2073706
James Tomkins,Q1681200
Adair Ferguson,Q38363893
Keith Rayner ,Q6384932
Lawrence Alexander Sidney Johnson ,Q3090721
Arthur Birch ,Q708668
Fred Grimwade ,Q5495315
James Wolfensohn ,Q504387
Donald Barkley,Q57697391
Bill Collins ,Q4908529
Josephine Gapper,Q52063247
Nina Christesen ,Q46998923
Ronald Berndt ,Q1540235
Raymond Martin ,Q7298992
Catherine Berndt,Q5052541
Freda Whitlam ,Q56433757
Phyllis Evelyn Duguid,Q47523498
Ian Gawler,Q5981618
Harold Dean ,Q16013822
Charles Perkins ,Q1065753
Carla Zampatti ,Q5041122
Cedar Prest,Q16105457
Bruce Petty ,Q4978139
Jan Sedivka,Q6149886
Don Burrows,Q1238986
Fred Parslow,Q28655886
John Cargher,Q6225137
David Malouf,Q506430
Kenneth Jack,Q15489452
Eric Bogle ,Q543737
Peter John Elliott,Q2076062
John Williams ,Q370293
Peter Orlebar Bishop ,Q21165195
Nicholas Hasluck,Q13494301
Anne Bower Ingram,Q27506019
Roger Covell,Q7358034
Nance Donkin,Q83925622
Dorothy Hewett,Q201433
Claire Dan ,Q5125178
Claire Daniel ,Q66385495
Bruno Krumins,Q57635654
Arnold Drury,Q4795020
Twink Story,Q98135677
Isabel Flick,Q21597837
Derek Deighton,Q21996944
Peter Finch,Q294454
Xavier Connor,Q8043222
Victor Chang,Q3557223
Jack Wright,Q16014216
Kenny Chan ,Q47348920
Carmel Niland,Q78972179
David Smith,Q5239905
Germaine Joplin,Q5550997
Isabel Joy Bear,Q84864810
Brian Tobin,Q202053
Tony Mundine,Q7823034
Tom Bellew ,Q27044064
John Paul Wild ,Q742571
John Henry Carver,Q6238764
Norman Oakes,Q17742181
Francis Peter de Campo ,Q16014043
Rodney Johnson,Q20737682
Paul Hogan ,Q296641
Hugh Gordon,Q16015490
Kevin Nichols ,Q533741
Lindsay Gaze,Q2033551
Edwina Kennedy,Q48063439
Martin Glaessner,Q1903849
Peter Henderson ,Q16090819
Lee Robinson,Q3228926
Don Cooley,Q81375148
Myra Roper ,Q38081476
Peter Cosgrove,Q976974
David Martin,Q5237169
Clarrie Hermes,Q26179605
Phillip Cecil Thompson,Q20823771
Leycester Meares ,Q6537982
Galarrwuy Yunupingu,Q5517966
Clifton Pugh,Q5133302
Ursula Hoff,Q7901244
Lloyd Rees ,Q3257539
Neville Gruzman ,Q7004704
Frank Moorhouse,Q305402
Colin Madigan,Q5145318
Inge King,Q70193
Albert Tucker,Q3631144
Thomas William Holmes ,Q7795152
Alexander Clifford Beauglehole,Q16744919
Arnold Robert McGill ,Q4795223
David Butler,Q5231970
Eric Willmot,Q55594445
Stephen FitzGerald,Q22277799
Rupert Murdoch,Q53944
Charles Jones ,Q5079574
Jim Scully,Q18166458
Norman Green,Q57693308
Russell Ebert ,Q7381483
Gil Langley,Q5560556
Will Baillieu ,Q56192126
Peter Costello,Q2546246
James Patrick Quirk ,Q66739019
Myer Kangan ,Q24056130
William Albany McKenzie,Q28655346
Kerry Packer,Q1412816
Joyce Nicholson,Q6297597
John Manning Ward,Q15438926
Allan McFarlane,Q4730837
Vivienne Binns,Q7937875
David Williamson,Q968980
R. D. Fitzgerald ,Q7273560
Peter McIntyre ,Q7175790
"Maie Casey, Baroness Casey",Q6735545
John Roslyn Garnet,Q6453231
David McLeish ,Q5237421
Charles Fenton,Q16018429
Syd Einfeld ,Q7659676
Des Corcoran ,Q5263447
Kath Anderson ,Q6376053
John Bunting,Q6223855
Gordon Noel Upton,Q23892394
Geoff Hunt,Q471139
Fos Williams,Q5473318
Marshall Hatch,Q466004
John Russell Rowland,Q22696620
Jacques Miller,Q253133
Geoffrey Virgo,Q5534356
Roy Woodall,Q29048335
John Roche,Q56876805
Ian Reay Mackay ,Q5982670
Harry Krantz,Q16017463
Kevin McDonald,Q18217679
Mary Helen Withers ,Q21536623
Cedric Emanuel ,Q52157148
Ivan Southall,Q1347607
A. D. Hope,Q325890
Isador Goodman ,Q6078349
Dymphna Cusack,Q101871
Beatrice Davis ,Q4877142
Jack Lindsay,Q3378541
Helen Helga Wilson,Q84015648
Franca Arena,Q5478235
Tom Bunning,Q64825982
Claude Ewen Cameron,Q19757791
Peter Doyle ,Q54299050
Alf Garland,Q4721679
Laurie Short,Q6501719
Max Fatchen,Q6794747
Joan Long,Q6205234
Norman Makin ,Q7052568
Harold David Anderson,Q30574404
Bob Marshall,Q4933267
Mary Maria Andrews,Q96588692
Doris Magee,Q58866321
James Gleeson ,Q6134676
Ken Rosewall,Q312728
Kim Beazley,Q2266155
Jack Renshaw,Q1677180
Frank Wise ,Q5490450
Douglas Gordon,Q18715751
Bob Hawke,Q269372
William George Walker,Q8009818
James Yates,Q63036295
Clem Renouf ,Q30537371
William Sutherland,Q2580687
Nancy Keesing,Q15497177
Margel Hinder,Q514082
Max Angus,Q24706320
Hal Missingham ,Q5640866
Val Bryant,Q51061554
Ian McBryde,Q68110462
Gordon Maitland ,Q57913474
Brian Murray ,Q912831
John Crawford,Q6227536
James Plimsoll ,Q1680992
Frank Macfarlane Burnet ,Q193550
Harold Brennan,Q5660158
Winifred Mary Curtis,Q452813
Bert Shard,Q18808899
John Armstrong,Q6219385
Albert Thompson,Q4711324
Samuel Warren Carey,Q195313
Alice M. Moyle,Q55999467
Allen Axel Strom,Q16750345
Bill Schroder,Q64791849
Eleanor Dark,Q517286
John Shaw,Q6257492
Ken Myer ,Q6388209
Felix Werder,Q5442362
Alan McLeod McCulloch,Q4707300
Raymond Hanson,Q7298835
Harold Blair ,Q3127581
Eric Ronald Dowd,Q21538464
William Henderson ,Q22696670
Eric Underwood ,Q5387660
Arthur Dale Trendall ,Q709072
William Cropley Radford,Q21558885
Peter Karmel,Q7175094
John Cade,Q3181170
Thomas Kingston Critchley ,Q4241364
Francis Patrick Donovan,Q16019364
Cecil Purdy,Q779025
Clem Jones,Q5131180
Bert Newton,Q4895246
Jenny Kee,Q13606850
